{"cpu_time": 0.0, "wallclock_time": 4.220008850097656e-05, "evaluations": 0, "cost": 2147483648.0, "incumbent": {"max_depth": 7, "max_features": 0.2738450598230169, "min_impurity_decrease": 5.718740867244332e-05, "min_samples_leaf": 0.032434060996912296, "min_samples_split": 0.019627781772875195, "min_weight_fraction_leaf": 0.014324198507350686}, "budget": 0, "origin": "Initial design"}
{"cpu_time": 0.0722191333770752, "wallclock_time": 0.07398390769958496, "evaluations": 1, "cost": 0.7871, "incumbent": {"max_depth": 7, "max_features": 0.2738450598230169, "min_impurity_decrease": 5.718740867244332e-05, "min_samples_leaf": 0.032434060996912296, "min_samples_split": 0.019627781772875195, "min_weight_fraction_leaf": 0.014324198507350686}, "budget": 0, "origin": "Initial design"}
{"cpu_time": 0.5192587375640869, "wallclock_time": 2.2825069427490234, "evaluations": 9, "cost": 0.7773, "incumbent": {"max_depth": 10, "max_features": 0.4829431755740914, "min_impurity_decrease": 5.72499571680745e-05, "min_samples_leaf": 0.04320214796826573, "min_samples_split": 0.015155447135016034, "min_weight_fraction_leaf": 0.024976537506406712}, "budget": 0, "origin": "Local Search"}
{"cpu_time": 0.6498749256134033, "wallclock_time": 3.009061098098755, "evaluations": 11, "cost": 0.7697, "incumbent": {"max_depth": 7, "max_features": 0.8237738062852591, "min_impurity_decrease": 1.9562758992932618e-05, "min_samples_leaf": 0.01923183470627792, "min_samples_split": 0.012285974264337036, "min_weight_fraction_leaf": 0.010024495550239222}, "budget": 0, "origin": "Local Search"}
{"cpu_time": 0.9788763523101807, "wallclock_time": 6.010854244232178, "evaluations": 16, "cost": 0.7448, "incumbent": {"max_depth": 9, "max_features": 0.5536223905382575, "min_impurity_decrease": 1.9562758992932618e-05, "min_samples_leaf": 0.01287861847245045, "min_samples_split": 0.010976303426840065, "min_weight_fraction_leaf": 0.010407694181229365}, "budget": 0, "origin": "Local Search"}
