{"cpu_time": 0.0, "wallclock_time": 0.00011277198791503906, "evaluations": 0, "cost": 2147483648.0, "incumbent": ["alpha='1.1630395714480335'", "batch_size='216'", "hidden_layer_sizes='139'", "learning_rate_init='0.02449102463401213'", "momentum='0.014222570771709842'", "power_t='0.39357815616936087'"], "origin": "Initial design"}
{"cpu_time": 0.23188257217407227, "wallclock_time": 0.2350022792816162, "evaluations": 1, "cost": 1.1784, "incumbent": ["alpha='1.1630395714480335'", "batch_size='216'", "hidden_layer_sizes='139'", "learning_rate_init='0.02449102463401213'", "momentum='0.014222570771709842'", "power_t='0.39357815616936087'"], "origin": "Initial design"}
{"cpu_time": 0.41980504989624023, "wallclock_time": 0.42812037467956543, "evaluations": 3, "cost": 1.0579, "incumbent": ["alpha='1.0386580256500308'", "batch_size='91'", "hidden_layer_sizes='109'", "learning_rate_init='0.003914600869268913'", "momentum='0.7431039702777205'", "power_t='0.22459068051013392'"], "origin": "Initial design"}
{"cpu_time": 0.8381931781768799, "wallclock_time": 1.458954095840454, "evaluations": 6, "cost": 1.0494, "incumbent": ["alpha='0.02711380407300193'", "batch_size='125'", "hidden_layer_sizes='72'", "learning_rate_init='0.02633840407134904'", "momentum='0.9577804193297809'", "power_t='0.13029424297787814'"], "origin": "Random Search (sorted)"}
{"cpu_time": 1.2950825691223145, "wallclock_time": 3.5725111961364746, "evaluations": 9, "cost": 1.0454, "incumbent": ["alpha='0.013479910113828'", "batch_size='36'", "hidden_layer_sizes='76'", "learning_rate_init='0.004176581975130072'", "momentum='0.9531063591698534'", "power_t='0.2388506232946865'"], "origin": "Local Search"}
{"cpu_time": 2.0099358558654785, "wallclock_time": 6.554464101791382, "evaluations": 15, "cost": 1.0212, "incumbent": ["alpha='0.013713151750733097'", "batch_size='38'", "hidden_layer_sizes='76'", "learning_rate_init='0.021409540337050864'", "momentum='0.9531063591698534'", "power_t='0.26793782839537383'"], "origin": "Local Search"}
{"cpu_time": 3.1663317680358887, "wallclock_time": 13.158669710159302, "evaluations": 26, "cost": 1.0204, "incumbent": ["alpha='0.0041135941813647756'", "batch_size='38'", "hidden_layer_sizes='76'", "learning_rate_init='0.019277834413314925'", "momentum='0.9831814287102569'", "power_t='0.26839527151728376'"], "origin": "Local Search"}
{"cpu_time": 3.408712863922119, "wallclock_time": 14.834164381027222, "evaluations": 29, "cost": 1.0201, "incumbent": ["alpha='0.0016166868891371363'", "batch_size='38'", "hidden_layer_sizes='76'", "learning_rate_init='0.019107326471676768'", "momentum='0.9896748532159761'", "power_t='0.30124447604873766'"], "origin": "Local Search"}
