{"cpu_time": 0.0, "wallclock_time": 3.218650817871094e-05, "evaluations": 0, "cost": 2147483648.0, "incumbent": {"max_depth": 15, "max_features": 0.12361635568470201, "min_impurity_decrease": 0.48634217998244217, "min_samples_leaf": 0.16150247806327767, "min_samples_split": 0.2468381021678784, "min_weight_fraction_leaf": 0.023186415725322512}, "budget": 0, "origin": "Initial design"}
{"cpu_time": 0.005367755889892578, "wallclock_time": 0.006999969482421875, "evaluations": 1, "cost": 1.0128, "incumbent": {"max_depth": 15, "max_features": 0.12361635568470201, "min_impurity_decrease": 0.48634217998244217, "min_samples_leaf": 0.16150247806327767, "min_samples_split": 0.2468381021678784, "min_weight_fraction_leaf": 0.023186415725322512}, "budget": 0, "origin": "Initial design"}
{"cpu_time": 0.010732173919677734, "wallclock_time": 0.013852834701538086, "evaluations": 2, "cost": 1.0107, "incumbent": {"max_depth": 15, "max_features": 0.010290425114510175, "min_impurity_decrease": 0.12649118119172198, "min_samples_leaf": 0.054310392782503124, "min_samples_split": 0.3592228786637863, "min_weight_fraction_leaf": 0.021583731917407766}, "budget": 0, "origin": "Initial design"}
{"cpu_time": 0.02347707748413086, "wallclock_time": 0.030256986618041992, "evaluations": 4, "cost": 0.9398, "incumbent": {"max_depth": 13, "max_features": 0.9172949482616565, "min_impurity_decrease": 0.08192112070234936, "min_samples_leaf": 0.10223779880806912, "min_samples_split": 0.010421565748011563, "min_weight_fraction_leaf": 0.04501748894332789}, "budget": 0, "origin": "Initial design"}
{"cpu_time": 0.07548332214355469, "wallclock_time": 4.07236647605896, "evaluations": 12, "cost": 0.9389, "incumbent": {"max_depth": 13, "max_features": 0.7808834306301504, "min_impurity_decrease": 0.08835219078114044, "min_samples_leaf": 0.10223779880806912, "min_samples_split": 0.010476916322269781, "min_weight_fraction_leaf": 0.07427796385052403}, "budget": 0, "origin": "Local Search"}
{"cpu_time": 0.08173155784606934, "wallclock_time": 4.081768989562988, "evaluations": 13, "cost": 0.9152, "incumbent": {"max_depth": 13, "max_features": 0.4529521768212908, "min_impurity_decrease": 0.08097595197770886, "min_samples_leaf": 0.10781156286827859, "min_samples_split": 0.01033021323099204, "min_weight_fraction_leaf": 0.020637784327559604}, "budget": 0, "origin": "Local Search"}
{"cpu_time": 0.1266627311706543, "wallclock_time": 6.979656934738159, "evaluations": 20, "cost": 0.9025, "incumbent": {"max_depth": 14, "max_features": 0.8803487811317485, "min_impurity_decrease": 0.06473230803498996, "min_samples_leaf": 0.10775031431046345, "min_samples_split": 0.010015643614088408, "min_weight_fraction_leaf": 0.019210836101618098}, "budget": 0, "origin": "Local Search"}
{"cpu_time": 0.14154386520385742, "wallclock_time": 7.690262794494629, "evaluations": 22, "cost": 0.7481, "incumbent": {"max_depth": 14, "max_features": 0.8665372237105492, "min_impurity_decrease": 0.024170998671779426, "min_samples_leaf": 0.040498395800045425, "min_samples_split": 0.010058405825132137, "min_weight_fraction_leaf": 0.0206056638366906}, "budget": 0, "origin": "Local Search"}
