{"cpu_time": 0.0, "wallclock_time": 3.743171691894531e-05, "evaluations": 0, "cost": 2147483648.0, "incumbent": {"max_depth": 9, "max_features": 0.2674589099883767, "min_impurity_decrease": 0.30138168803582194, "min_samples_leaf": 0.08336032899551385, "min_samples_split": 0.07005843440570782, "min_weight_fraction_leaf": 0.1235058980795748}, "budget": 0, "origin": "Initial design"}
{"cpu_time": 0.005643606185913086, "wallclock_time": 0.007271528244018555, "evaluations": 1, "cost": 1.0128, "incumbent": {"max_depth": 9, "max_features": 0.2674589099883767, "min_impurity_decrease": 0.30138168803582194, "min_samples_leaf": 0.08336032899551385, "min_samples_split": 0.07005843440570782, "min_weight_fraction_leaf": 0.1235058980795748}, "budget": 0, "origin": "Initial design"}
{"cpu_time": 0.019814491271972656, "wallclock_time": 0.025745868682861328, "evaluations": 3, "cost": 0.9447, "incumbent": {"max_depth": 9, "max_features": 0.7033204209752383, "min_impurity_decrease": 0.03551802909894347, "min_samples_leaf": 0.01403671883581709, "min_samples_split": 0.01097358534178148, "min_weight_fraction_leaf": 0.25544111374655565}, "budget": 0, "origin": "Initial design"}
{"cpu_time": 0.03787088394165039, "wallclock_time": 0.621741533279419, "evaluations": 6, "cost": 0.9209, "incumbent": {"max_depth": 15, "max_features": 0.25352973011495716, "min_impurity_decrease": 0.04618892318247014, "min_samples_leaf": 0.016933419773702295, "min_samples_split": 0.06044003126234172, "min_weight_fraction_leaf": 0.27792145369414}, "budget": 0, "origin": "Random Search (sorted)"}
{"cpu_time": 0.10093021392822266, "wallclock_time": 5.096965789794922, "evaluations": 16, "cost": 0.9175, "incumbent": {"max_depth": 10, "max_features": 0.18545345328602952, "min_impurity_decrease": 0.06352004675460249, "min_samples_leaf": 0.016973531506217075, "min_samples_split": 0.08741845297903553, "min_weight_fraction_leaf": 0.27339838932218197}, "budget": 0, "origin": "Local Search"}
{"cpu_time": 0.1390218734741211, "wallclock_time": 8.788330554962158, "evaluations": 22, "cost": 0.8983, "incumbent": {"max_depth": 7, "max_features": 0.18597558624152793, "min_impurity_decrease": 0.01248063096579, "min_samples_leaf": 0.01753144438608257, "min_samples_split": 0.08647940369115169, "min_weight_fraction_leaf": 0.27130397224018943}, "budget": 0, "origin": "Local Search"}
