{"cpu_time": 0.0, "wallclock_time": 4.792213439941406e-05, "evaluations": 0, "cost": 2147483648.0, "incumbent": {"C": 44.30375245218264, "gamma": 0.0005190263017695166, "tol": 0.0025766385746135885}, "budget": 0, "origin": "Initial design"}
{"cpu_time": 0.016762495040893555, "wallclock_time": 0.018048524856567383, "evaluations": 1, "cost": 1.0618, "incumbent": {"C": 44.30375245218264, "gamma": 0.0005190263017695166, "tol": 0.0025766385746135885}, "budget": 0, "origin": "Initial design"}
{"cpu_time": 0.03273653984069824, "wallclock_time": 0.03547024726867676, "evaluations": 2, "cost": 1.0422, "incumbent": {"C": 43.11710058685489, "gamma": 0.0002652496376759477, "tol": 0.0038333321561566627}, "budget": 0, "origin": "Initial design"}
{"cpu_time": 0.08683443069458008, "wallclock_time": 0.09497618675231934, "evaluations": 5, "cost": 1.0342, "incumbent": {"C": 14.135935551752295, "gamma": 0.0006190490166774184, "tol": 0.001304907355036239}, "budget": 0, "origin": "Initial design"}
{"cpu_time": 0.10295748710632324, "wallclock_time": 0.42539405822753906, "evaluations": 6, "cost": 1.0134, "incumbent": {"C": 1.4990945477997468, "gamma": 0.00029876928501659073, "tol": 0.0006095508966367168}, "budget": 0, "origin": "Random Search (sorted)"}
{"cpu_time": 0.11875152587890625, "wallclock_time": 0.4432966709136963, "evaluations": 7, "cost": 1.0126, "incumbent": {"C": 3.3135780510578576, "gamma": 0.00022329463988584187, "tol": 0.0007892604207879441}, "budget": 0, "origin": "Random Search (sorted)"}
{"cpu_time": 0.16662216186523438, "wallclock_time": 1.2078652381896973, "evaluations": 10, "cost": 1.0126, "incumbent": {"C": 3.3256476226948086, "gamma": 0.00027713451319033843, "tol": 0.0007880703284664298}, "budget": 0, "origin": "Local Search"}
{"cpu_time": 0.2009291648864746, "wallclock_time": 1.7662267684936523, "evaluations": 12, "cost": 1.0125, "incumbent": {"C": 4.626691383458822, "gamma": 0.00027768139167750103, "tol": 0.08422154101858739}, "budget": 0, "origin": "Random Search (sorted)"}
{"cpu_time": 0.2820870876312256, "wallclock_time": 3.566237449645996, "evaluations": 17, "cost": 1.0117, "incumbent": {"C": 4.880877777978856, "gamma": 0.00012059300452587042, "tol": 0.09042710963066798}, "budget": 0, "origin": "Random Search (sorted)"}
{"cpu_time": 0.4083843231201172, "wallclock_time": 6.538039922714233, "evaluations": 25, "cost": 1.0116, "incumbent": {"C": 4.880877777978856, "gamma": 0.00011334501901258932, "tol": 0.09042710963066798}, "budget": 0, "origin": "Local Search"}
