{"cpu_time": 0.0, "wallclock_time": 3.62396240234375e-05, "evaluations": 0, "cost": 2147483648.0, "incumbent": ["alpha='0.00010868559479168232'", "batch_size='215'", "hidden_layer_sizes='185'", "learning_rate_init='0.002729872765365064'", "momentum='0.0026566298800658164'", "power_t='0.37171794949938475'"], "origin": "Initial design"}
{"cpu_time": 0.0685434341430664, "wallclock_time": 0.07042145729064941, "evaluations": 1, "cost": 1.1122, "incumbent": ["alpha='0.00010868559479168232'", "batch_size='215'", "hidden_layer_sizes='185'", "learning_rate_init='0.002729872765365064'", "momentum='0.0026566298800658164'", "power_t='0.37171794949938475'"], "origin": "Initial design"}
{"cpu_time": 0.3714127540588379, "wallclock_time": 0.37741518020629883, "evaluations": 3, "cost": 1.0647, "incumbent": ["alpha='0.04214942258387752'", "batch_size='104'", "hidden_layer_sizes='104'", "learning_rate_init='0.017692572850768928'", "momentum='0.0062994922760191835'", "power_t='0.38414723969224573'"], "origin": "Initial design"}
{"cpu_time": 1.021533489227295, "wallclock_time": 2.6147079467773438, "evaluations": 8, "cost": 1.028, "incumbent": ["alpha='0.0003133198138592975'", "batch_size='40'", "hidden_layer_sizes='181'", "learning_rate_init='0.00011001245829557009'", "momentum='0.011894965341325517'", "power_t='0.4236942188331748'"], "origin": "Random Search (sorted)"}
{"cpu_time": 1.3592555522918701, "wallclock_time": 4.225717067718506, "evaluations": 11, "cost": 1.0275, "incumbent": ["alpha='0.8892724074627573'", "batch_size='34'", "hidden_layer_sizes='181'", "learning_rate_init='0.0005029833148640381'", "momentum='0.0019710055558679507'", "power_t='0.21358053226935522'"], "origin": "Random Search (sorted)"}
{"cpu_time": 4.7714149951934814, "wallclock_time": 13.298592805862427, "evaluations": 22, "cost": 1.0274, "incumbent": ["alpha='0.7802832908995903'", "batch_size='35'", "hidden_layer_sizes='181'", "learning_rate_init='0.000275347229487871'", "momentum='0.001969515738221302'", "power_t='0.13882288260634656'"], "origin": "Local Search"}
{"cpu_time": 5.722991228103638, "wallclock_time": 16.451462984085083, "evaluations": 28, "cost": 1.0273, "incumbent": ["alpha='0.7802832908995903'", "batch_size='27'", "hidden_layer_sizes='181'", "learning_rate_init='0.0004225087767965066'", "momentum='0.002183016968186869'", "power_t='0.13953580217996775'"], "origin": "Local Search"}
{"cpu_time": 6.030487775802612, "wallclock_time": 17.53274154663086, "evaluations": 30, "cost": 1.0264, "incumbent": ["alpha='2.687022223165826'", "batch_size='23'", "hidden_layer_sizes='181'", "learning_rate_init='0.0004285979618246382'", "momentum='0.002134871104777893'", "power_t='0.14357495970793538'"], "origin": "Local Search"}
