{"cpu_time": 0.0, "wallclock_time": 4.00543212890625e-05, "evaluations": 0, "cost": 2147483648.0, "incumbent": ["C='796.323472177559'", "gamma='0.00035255936003789317'", "tol='0.07775663179233841'"], "origin": "Initial design"}
{"cpu_time": 0.02006673812866211, "wallclock_time": 0.021549701690673828, "evaluations": 1, "cost": 1.0418, "incumbent": ["C='796.323472177559'", "gamma='0.00035255936003789317'", "tol='0.07775663179233841'"], "origin": "Initial design"}
{"cpu_time": 0.08018231391906738, "wallclock_time": 0.08728599548339844, "evaluations": 4, "cost": 1.0242, "incumbent": ["C='20.15461920821694'", "gamma='0.0006017040321365156'", "tol='6.176469460575708e-05'"], "origin": "Initial design"}
{"cpu_time": 0.10585474967956543, "wallclock_time": 0.11469316482543945, "evaluations": 5, "cost": 0.9585, "incumbent": ["C='388.1322293800887'", "gamma='0.0009624998647979021'", "tol='4.522399928843747e-05'"], "origin": null}
{"cpu_time": 0.18440914154052734, "wallclock_time": 1.2782762050628662, "evaluations": 8, "cost": 0.8942, "incumbent": ["C='622.813274286796'", "gamma='0.000962527565662662'", "tol='3.154257616224571e-05'"], "origin": "Local Search"}
{"cpu_time": 0.22349309921264648, "wallclock_time": 1.31976318359375, "evaluations": 9, "cost": 0.7965, "incumbent": ["C='993.5611909268837'", "gamma='0.0009622740192688343'", "tol='1.2807012608737421e-05'"], "origin": "Local Search"}
{"cpu_time": 0.3597447872161865, "wallclock_time": 2.746856212615967, "evaluations": 13, "cost": 0.7911, "incumbent": ["C='988.4362525897664'", "gamma='0.0009747181211702162'", "tol='1.2897795313756386e-05'"], "origin": "Local Search"}
{"cpu_time": 0.45113658905029297, "wallclock_time": 3.271320104598999, "evaluations": 16, "cost": 0.7863, "incumbent": ["C='998.2320126691255'", "gamma='0.000978487958549292'", "tol='1.2868796648592601e-05'"], "origin": "Local Search"}
{"cpu_time": 0.49030447006225586, "wallclock_time": 3.313462018966675, "evaluations": 17, "cost": 0.7819, "incumbent": ["C='989.5280638016013'", "gamma='0.0009908675118193496'", "tol='1.2897795313756386e-05'"], "origin": "Local Search"}
{"cpu_time": 0.5300750732421875, "wallclock_time": 3.3560492992401123, "evaluations": 18, "cost": 0.7764, "incumbent": ["C='999.5512427767579'", "gamma='0.0009955960188174618'", "tol='1.3341447897741514e-05'"], "origin": "Local Search"}
{"cpu_time": 0.6059281826019287, "wallclock_time": 3.8445067405700684, "evaluations": 20, "cost": 0.7743, "incumbent": ["C='999.7430032528505'", "gamma='0.0009991484169612117'", "tol='2.8077186003910756e-05'"], "origin": "Local Search"}
{"cpu_time": 0.6988286972045898, "wallclock_time": 4.8909783363342285, "evaluations": 23, "cost": 0.7739, "incumbent": ["C='999.5512427767579'", "gamma='0.0009999144368115858'", "tol='1.2077748562112986e-05'"], "origin": "Local Search"}
{"cpu_time": 0.8106071949005127, "wallclock_time": 5.981988906860352, "evaluations": 26, "cost": 0.7739, "incumbent": ["C='999.5512427767579'", "gamma='0.0009999144368115858'", "tol='1.2159366928028136e-05'"], "origin": "Local Search"}
