{"cpu_time": 0.0, "wallclock_time": 3.552436828613281e-05, "evaluations": 0, "cost": 2147483648.0, "incumbent": {"max_depth": 7, "max_features": 0.2738450598230169, "min_impurity_decrease": 5.718740867244332e-05, "min_samples_leaf": 0.032434060996912296, "min_samples_split": 0.019627781772875195, "min_weight_fraction_leaf": 0.014324198507350686}, "budget": 0, "origin": "Initial design"}
{"cpu_time": 0.05974388122558594, "wallclock_time": 0.0612339973449707, "evaluations": 1, "cost": 0.6561, "incumbent": {"max_depth": 7, "max_features": 0.2738450598230169, "min_impurity_decrease": 5.718740867244332e-05, "min_samples_leaf": 0.032434060996912296, "min_samples_split": 0.019627781772875195, "min_weight_fraction_leaf": 0.014324198507350686}, "budget": 0, "origin": "Initial design"}
{"cpu_time": 0.3940732479095459, "wallclock_time": 1.3898818492889404, "evaluations": 7, "cost": 0.6547, "incumbent": {"max_depth": 13, "max_features": 0.5392374442181966, "min_impurity_decrease": 0.000244420863685757, "min_samples_leaf": 0.020186589662591434, "min_samples_split": 0.013802891869554733, "min_weight_fraction_leaf": 0.03930616693137527}, "budget": 0, "origin": "Local Search"}
{"cpu_time": 0.5785660743713379, "wallclock_time": 2.8384785652160645, "evaluations": 10, "cost": 0.6183, "incumbent": {"max_depth": 7, "max_features": 0.4155530242096041, "min_impurity_decrease": 0.0011869512446910989, "min_samples_leaf": 0.02518337433475554, "min_samples_split": 0.014338097124708847, "min_weight_fraction_leaf": 0.015578328498344358}, "budget": 0, "origin": "Local Search"}
{"cpu_time": 1.206845760345459, "wallclock_time": 9.817513704299927, "evaluations": 21, "cost": 0.6129, "incumbent": {"max_depth": 7, "max_features": 0.42382065137944847, "min_impurity_decrease": 0.0011869512446910989, "min_samples_leaf": 0.01727015912269743, "min_samples_split": 0.014338097124708847, "min_weight_fraction_leaf": 0.014263541345584756}, "budget": 0, "origin": "Local Search"}
{"cpu_time": 1.2871334552764893, "wallclock_time": 9.902004718780518, "evaluations": 22, "cost": 0.5708, "incumbent": {"max_depth": 9, "max_features": 0.9730356791030857, "min_impurity_decrease": 0.001236552770523108, "min_samples_leaf": 0.01727789173794403, "min_samples_split": 0.014389261382764012, "min_weight_fraction_leaf": 0.01440407683816493}, "budget": 0, "origin": "Local Search"}
