{"cpu_time": 0.0, "wallclock_time": 3.457069396972656e-05, "evaluations": 0, "cost": 2147483648.0, "incumbent": {"C": 20.3228544324115, "gamma": 0.0001061515235567512, "tol": 0.0015799738953604949}, "budget": 0, "origin": "Initial design"}
{"cpu_time": 0.01566004753112793, "wallclock_time": 0.0170745849609375, "evaluations": 1, "cost": 1.0177, "incumbent": {"C": 20.3228544324115, "gamma": 0.0001061515235567512, "tol": 0.0015799738953604949}, "budget": 0, "origin": "Initial design"}
{"cpu_time": 0.0469202995300293, "wallclock_time": 0.05155038833618164, "evaluations": 3, "cost": 1.0157, "incumbent": {"C": 4.1109850943453345, "gamma": 0.00041617018769270046, "tol": 0.00015798603319028853}, "budget": 0, "origin": "Initial design"}
{"cpu_time": 0.06257176399230957, "wallclock_time": 0.06865859031677246, "evaluations": 4, "cost": 1.0125, "incumbent": {"C": 2.533610417321417, "gamma": 0.0003262707349770297, "tol": 5.467130776888183e-05}, "budget": 0, "origin": null}
{"cpu_time": 0.1267533302307129, "wallclock_time": 1.2547640800476074, "evaluations": 8, "cost": 1.0125, "incumbent": {"C": 2.5146594611237814, "gamma": 0.0003296294766614533, "tol": 5.694802276541034e-05}, "budget": 0, "origin": "Local Search"}
{"cpu_time": 0.17493987083435059, "wallclock_time": 2.185117244720459, "evaluations": 11, "cost": 1.0125, "incumbent": {"C": 2.5146594611237814, "gamma": 0.00032991866137751895, "tol": 7.244709763905471e-05}, "budget": 0, "origin": "Local Search"}
{"cpu_time": 0.20676612854003906, "wallclock_time": 2.6383461952209473, "evaluations": 13, "cost": 1.0124, "incumbent": {"C": 2.5305640800785145, "gamma": 0.0003305814557455195, "tol": 6.609528220249527e-05}, "budget": 0, "origin": "Local Search"}
{"cpu_time": 0.25490832328796387, "wallclock_time": 3.6435604095458984, "evaluations": 16, "cost": 1.0124, "incumbent": {"C": 2.5338402968894127, "gamma": 0.00033167189530858347, "tol": 6.601452490436949e-05}, "budget": 0, "origin": "Local Search"}
{"cpu_time": 0.27072596549987793, "wallclock_time": 3.6622774600982666, "evaluations": 17, "cost": 1.0124, "incumbent": {"C": 2.5341557465083993, "gamma": 0.00033589322455820025, "tol": 6.849887885072903e-05}, "budget": 0, "origin": "Local Search"}
{"cpu_time": 0.386857271194458, "wallclock_time": 6.114685535430908, "evaluations": 24, "cost": 1.0124, "incumbent": {"C": 2.5341557465083993, "gamma": 0.00034212656089135414, "tol": 6.745658340157511e-05}, "budget": 0, "origin": "Local Search"}
{"cpu_time": 0.41901445388793945, "wallclock_time": 6.705090761184692, "evaluations": 26, "cost": 1.0124, "incumbent": {"C": 2.5341557465083993, "gamma": 0.0003433266466042672, "tol": 6.611172494067588e-05}, "budget": 0, "origin": "Local Search"}
