{"cpu_time": 0.0, "wallclock_time": 4.076957702636719e-05, "evaluations": 0, "cost": 2147483648.0, "incumbent": {"alpha": 1.1630395714480335, "batch_size": 216, "hidden_layer_sizes": 139, "learning_rate_init": 0.02449102463401213, "momentum": 0.014222570771709842, "power_t": 0.39357815616936087}, "budget": 0, "origin": "Initial design"}
{"cpu_time": 0.19864106178283691, "wallclock_time": 0.20037126541137695, "evaluations": 1, "cost": 1.2576, "incumbent": {"alpha": 1.1630395714480335, "batch_size": 216, "hidden_layer_sizes": 139, "learning_rate_init": 0.02449102463401213, "momentum": 0.014222570771709842, "power_t": 0.39357815616936087}, "budget": 0, "origin": "Initial design"}
{"cpu_time": 0.5176868438720703, "wallclock_time": 0.5238285064697266, "evaluations": 3, "cost": 1.1296, "incumbent": {"alpha": 1.0386580256500308, "batch_size": 91, "hidden_layer_sizes": 109, "learning_rate_init": 0.003914600869268913, "momentum": 0.7431039702777205, "power_t": 0.22459068051013392}, "budget": 0, "origin": "Initial design"}
{"cpu_time": 0.760195255279541, "wallclock_time": 0.7684271335601807, "evaluations": 4, "cost": 1.0827, "incumbent": {"alpha": 0.03105408607593022, "batch_size": 139, "hidden_layer_sizes": 158, "learning_rate_init": 0.010825862263250658, "momentum": 0.02633876898085861, "power_t": 0.1262006352066918}, "budget": 0, "origin": null}
{"cpu_time": 1.4439506530761719, "wallclock_time": 3.611102342605591, "evaluations": 11, "cost": 1.0445, "incumbent": {"alpha": 7.083846744531758e-05, "batch_size": 160, "hidden_layer_sizes": 186, "learning_rate_init": 0.006117730236045837, "momentum": 0.0013985062292203412, "power_t": 0.768227897067102}, "budget": 0, "origin": "Random Search"}
{"cpu_time": 1.9224746227264404, "wallclock_time": 7.069234371185303, "evaluations": 16, "cost": 1.0424, "incumbent": {"alpha": 0.0002416352523413684, "batch_size": 164, "hidden_layer_sizes": 164, "learning_rate_init": 0.010950076717835527, "momentum": 0.0011096002228759842, "power_t": 0.7695973910191234}, "budget": 0, "origin": "Local Search"}
{"cpu_time": 2.1885581016540527, "wallclock_time": 8.052040338516235, "evaluations": 20, "cost": 1.0415, "incumbent": {"alpha": 0.00012735109257876068, "batch_size": 152, "hidden_layer_sizes": 164, "learning_rate_init": 0.027711725891315216, "momentum": 0.0010368640504966977, "power_t": 0.7695973910191234}, "budget": 0, "origin": "Local Search"}
{"cpu_time": 2.5723862648010254, "wallclock_time": 9.095112085342407, "evaluations": 22, "cost": 1.041, "incumbent": {"alpha": 0.0003440791270317941, "batch_size": 154, "hidden_layer_sizes": 164, "learning_rate_init": 0.03806557607320682, "momentum": 0.004012778634228379, "power_t": 0.7743850715030923}, "budget": 0, "origin": "Local Search"}
{"cpu_time": 3.1201486587524414, "wallclock_time": 13.15451169013977, "evaluations": 28, "cost": 1.0231, "incumbent": {"alpha": 0.061780946478597866, "batch_size": 166, "hidden_layer_sizes": 148, "learning_rate_init": 0.03572278066858389, "momentum": 0.0028725708581089507, "power_t": 0.86065276352816}, "budget": 0, "origin": "Local Search"}
