{"cpu_time": 0.0, "wallclock_time": 3.552436828613281e-05, "evaluations": 0, "cost": 2147483648.0, "incumbent": {"alpha": 0.00010868559479168232, "batch_size": 215, "hidden_layer_sizes": 185, "learning_rate_init": 0.002729872765365064, "momentum": 0.0026566298800658164, "power_t": 0.37171794949938475}, "budget": 0, "origin": "Initial design"}
{"cpu_time": 0.08984947204589844, "wallclock_time": 0.09141731262207031, "evaluations": 1, "cost": 1.0491, "incumbent": {"alpha": 0.00010868559479168232, "batch_size": 215, "hidden_layer_sizes": 185, "learning_rate_init": 0.002729872765365064, "momentum": 0.0026566298800658164, "power_t": 0.37171794949938475}, "budget": 0, "origin": "Initial design"}
{"cpu_time": 2.1363461017608643, "wallclock_time": 9.193386554718018, "evaluations": 17, "cost": 1.0487, "incumbent": {"alpha": 0.0001580474163669364, "batch_size": 215, "hidden_layer_sizes": 185, "learning_rate_init": 0.002682061004365856, "momentum": 0.0025686013937491854, "power_t": 0.28597951776894925}, "budget": 0, "origin": "Local Search"}
{"cpu_time": 2.780043840408325, "wallclock_time": 11.308788537979126, "evaluations": 22, "cost": 1.0474, "incumbent": {"alpha": 0.0001580474163669364, "batch_size": 218, "hidden_layer_sizes": 185, "learning_rate_init": 0.002682061004365856, "momentum": 0.0020444289521723276, "power_t": 0.2020630832688109}, "budget": 0, "origin": "Local Search"}
{"cpu_time": 3.039557456970215, "wallclock_time": 12.400379419326782, "evaluations": 24, "cost": 1.0416, "incumbent": {"alpha": 0.0001580474163669364, "batch_size": 218, "hidden_layer_sizes": 185, "learning_rate_init": 0.005811422974130833, "momentum": 0.0019716912693352527, "power_t": 0.15205794232360462}, "budget": 0, "origin": "Local Search"}
{"cpu_time": 3.290445566177368, "wallclock_time": 13.355205535888672, "evaluations": 26, "cost": 1.0374, "incumbent": {"alpha": 0.00046774000129482613, "batch_size": 213, "hidden_layer_sizes": 185, "learning_rate_init": 0.009250809005240779, "momentum": 0.0013689402166844199, "power_t": 0.11212885401693332}, "budget": 0, "origin": "Local Search"}
{"cpu_time": 3.7761754989624023, "wallclock_time": 15.47429895401001, "evaluations": 29, "cost": 1.0372, "incumbent": {"alpha": 0.002305726229269641, "batch_size": 216, "hidden_layer_sizes": 185, "learning_rate_init": 0.011670725429924613, "momentum": 0.001211695248461799, "power_t": 0.1425836295301704}, "budget": 0, "origin": "Local Search"}
{"cpu_time": 3.9961419105529785, "wallclock_time": 15.698662519454956, "evaluations": 30, "cost": 1.037, "incumbent": {"alpha": 0.11726903763777614, "batch_size": 115, "hidden_layer_sizes": 185, "learning_rate_init": 0.007238249764215351, "momentum": 0.0016109527602797258, "power_t": 0.11121438704863353}, "budget": 0, "origin": "Local Search"}
