{"cpu_time": 0.0, "wallclock_time": 3.6716461181640625e-05, "evaluations": 0, "cost": 2147483648.0, "incumbent": {"learning_rate": 4.546784063337942, "n_estimators": 27}, "budget": 0, "origin": "Initial design"}
{"cpu_time": 0.14078927040100098, "wallclock_time": 0.14221429824829102, "evaluations": 1, "cost": 1.9884, "incumbent": {"learning_rate": 4.546784063337942, "n_estimators": 27}, "budget": 0, "origin": "Initial design"}
{"cpu_time": 0.843660831451416, "wallclock_time": 0.8465433120727539, "evaluations": 2, "cost": 0.8734, "incumbent": {"learning_rate": 0.026530502996040546, "n_estimators": 95}, "budget": 0, "origin": "Initial design"}
{"cpu_time": 1.2460291385650635, "wallclock_time": 1.2513396739959717, "evaluations": 3, "cost": 0.8657, "incumbent": {"learning_rate": 0.1457768806817529, "n_estimators": 54}, "budget": 0, "origin": null}
{"cpu_time": 2.72184681892395, "wallclock_time": 3.005859375, "evaluations": 6, "cost": 0.8599, "incumbent": {"learning_rate": 0.06878131264316278, "n_estimators": 87}, "budget": 0, "origin": "Random Search (sorted)"}
{"cpu_time": 3.3401432037353516, "wallclock_time": 3.6264865398406982, "evaluations": 7, "cost": 0.8368, "incumbent": {"learning_rate": 0.0609311164642599, "n_estimators": 84}, "budget": 0, "origin": "Random Search (sorted)"}
{"cpu_time": 3.981661081314087, "wallclock_time": 4.270053863525391, "evaluations": 8, "cost": 0.829, "incumbent": {"learning_rate": 0.0592065947968033, "n_estimators": 87}, "budget": 0, "origin": "Random Search (sorted)"}
{"cpu_time": 12.114429473876953, "wallclock_time": 17.40867781639099, "evaluations": 26, "cost": 0.7554, "incumbent": {"learning_rate": 2.0250381369680928, "n_estimators": 47}, "budget": 0, "origin": "Random Search (sorted)"}
{"cpu_time": 13.595870733261108, "wallclock_time": 20.244842529296875, "evaluations": 30, "cost": 0.7513, "incumbent": {"learning_rate": 1.9318722449290353, "n_estimators": 67}, "budget": 0, "origin": "Random Search (sorted)"}
