{"cpu_time": 0.0, "wallclock_time": 5.984306335449219e-05, "evaluations": 0, "cost": 2147483648.0, "incumbent": ["alpha='1.095706562156234'", "batch_size='39'", "hidden_layer_sizes='61'", "learning_rate_init='0.001893412804339247'", "momentum='0.0011382453367174076'", "power_t='0.2612540818644053'"], "origin": "Initial design"}
{"cpu_time": 0.24999451637268066, "wallclock_time": 0.25211310386657715, "evaluations": 1, "cost": 1.2239, "incumbent": ["alpha='1.095706562156234'", "batch_size='39'", "hidden_layer_sizes='61'", "learning_rate_init='0.001893412804339247'", "momentum='0.0011382453367174076'", "power_t='0.2612540818644053'"], "origin": "Initial design"}
{"cpu_time": 0.5336551666259766, "wallclock_time": 0.5376765727996826, "evaluations": 2, "cost": 1.1602, "incumbent": ["alpha='0.0003071353348302487'", "batch_size='32'", "hidden_layer_sizes='56'", "learning_rate_init='0.006015816920825813'", "momentum='0.022872834873117268'", "power_t='0.13763166731084675'"], "origin": "Initial design"}
{"cpu_time": 0.6936116218566895, "wallclock_time": 0.7005934715270996, "evaluations": 3, "cost": 1.0553, "incumbent": ["alpha='0.8043116425855964'", "batch_size='72'", "hidden_layer_sizes='164'", "learning_rate_init='0.03734740413372437'", "momentum='0.001153013936524833'", "power_t='0.4847846230630253'"], "origin": null}
{"cpu_time": 3.8876776695251465, "wallclock_time": 12.405889987945557, "evaluations": 23, "cost": 1.0546, "incumbent": ["alpha='0.9608349451789592'", "batch_size='36'", "hidden_layer_sizes='164'", "learning_rate_init='0.03343223811436238'", "momentum='0.0011530139365248336'", "power_t='0.45570319238497764'"], "origin": "Local Search"}
{"cpu_time": 5.3040149211883545, "wallclock_time": 18.03480100631714, "evaluations": 30, "cost": 1.0499, "incumbent": ["alpha='6.771890490005436'", "batch_size='33'", "hidden_layer_sizes='164'", "learning_rate_init='0.03339217311881087'", "momentum='0.0011530139365248336'", "power_t='0.5430024216055417'"], "origin": "Local Search"}
