{"cpu_time": 0.0, "wallclock_time": 3.6716461181640625e-05, "evaluations": 0, "cost": 2147483648.0, "incumbent": ["max_depth='9'", "max_features='0.258943323491781'", "min_impurity_decrease='0.14545236945647216'", "min_samples_leaf='0.07301276842154016'", "min_samples_split='0.6053358137165978'", "min_weight_fraction_leaf='0.32727366913738365'"], "origin": "Initial design"}
{"cpu_time": 0.005730867385864258, "wallclock_time": 0.007406473159790039, "evaluations": 1, "cost": 1.0128, "incumbent": ["max_depth='9'", "max_features='0.258943323491781'", "min_impurity_decrease='0.14545236945647216'", "min_samples_leaf='0.07301276842154016'", "min_samples_split='0.6053358137165978'", "min_weight_fraction_leaf='0.32727366913738365'"], "origin": "Initial design"}
{"cpu_time": 0.01132059097290039, "wallclock_time": 0.014512777328491211, "evaluations": 2, "cost": 0.8924, "incumbent": ["max_depth='3'", "max_features='0.02591678831290768'", "min_impurity_decrease='0.02573360165041494'", "min_samples_leaf='0.05559747519816745'", "min_samples_split='0.011471547768812092'", "min_weight_fraction_leaf='0.05917492621738135'"], "origin": "Initial design"}
{"cpu_time": 0.035784244537353516, "wallclock_time": 0.5144758224487305, "evaluations": 6, "cost": 0.8879, "incumbent": ["max_depth='3'", "max_features='0.011019808665820651'", "min_impurity_decrease='0.014083548383111266'", "min_samples_leaf='0.0645576466634667'", "min_samples_split='0.010145523730705363'", "min_weight_fraction_leaf='0.09046330338762414'"], "origin": "Random Search (sorted)"}
{"cpu_time": 0.048212528228759766, "wallclock_time": 0.5395028591156006, "evaluations": 8, "cost": 0.8331, "incumbent": ["max_depth='8'", "max_features='0.41310077319040583'", "min_impurity_decrease='0.04249973543846042'", "min_samples_leaf='0.03526969576358443'", "min_samples_split='0.16323793262423233'", "min_weight_fraction_leaf='0.024125980562486167'"], "origin": "Random Search"}
{"cpu_time": 0.0607905387878418, "wallclock_time": 1.1125259399414062, "evaluations": 10, "cost": 0.8008, "incumbent": ["max_depth='6'", "max_features='0.42746973848075037'", "min_impurity_decrease='0.026988205564071166'", "min_samples_leaf='0.023958357241954272'", "min_samples_split='0.23113443526023164'", "min_weight_fraction_leaf='0.01487556559452447'"], "origin": "Random Search (sorted)"}
{"cpu_time": 0.15674805641174316, "wallclock_time": 8.489036083221436, "evaluations": 24, "cost": 0.7905, "incumbent": ["max_depth='6'", "max_features='0.42489917672661787'", "min_impurity_decrease='0.024902360061781245'", "min_samples_leaf='0.015504402039320242'", "min_samples_split='0.2385466078724914'", "min_weight_fraction_leaf='0.014382923631930635'"], "origin": "Local Search"}
{"cpu_time": 0.18575453758239746, "wallclock_time": 10.746131420135498, "evaluations": 28, "cost": 0.787, "incumbent": ["max_depth='14'", "max_features='0.42013564782614404'", "min_impurity_decrease='0.01324659431220639'", "min_samples_leaf='0.017072886633512623'", "min_samples_split='0.2395167378232992'", "min_weight_fraction_leaf='0.014840408696722178'"], "origin": "Local Search"}
{"cpu_time": 0.19289612770080566, "wallclock_time": 10.757223129272461, "evaluations": 29, "cost": 0.7811, "incumbent": ["max_depth='10'", "max_features='0.40185655173487056'", "min_impurity_decrease='0.021560797286286473'", "min_samples_leaf='0.016499398195212893'", "min_samples_split='0.2385466078724914'", "min_weight_fraction_leaf='0.01490035942385379'"], "origin": "Local Search"}
