{"cpu_time": 0.0, "wallclock_time": 3.600120544433594e-05, "evaluations": 0, "cost": 2147483648.0, "incumbent": ["learning_rate='4.60030680449031'", "n_estimators='100'"], "origin": "Initial design"}
{"cpu_time": 0.4831368923187256, "wallclock_time": 0.4845712184906006, "evaluations": 1, "cost": 1.9364, "incumbent": ["learning_rate='4.60030680449031'", "n_estimators='100'"], "origin": "Initial design"}
{"cpu_time": 0.8337321281433105, "wallclock_time": 0.8387775421142578, "evaluations": 3, "cost": 0.9169, "incumbent": ["learning_rate='0.00961398934516561'", "n_estimators='31'"], "origin": "Initial design"}
{"cpu_time": 1.4803531169891357, "wallclock_time": 1.488440990447998, "evaluations": 4, "cost": 0.7204, "incumbent": ["learning_rate='1.7043335115909477'", "n_estimators='94'"], "origin": null}
{"cpu_time": 3.2559478282928467, "wallclock_time": 3.998807430267334, "evaluations": 8, "cost": 0.714, "incumbent": ["learning_rate='0.9452617345585512'", "n_estimators='93'"], "origin": "Local Search"}
