{"cpu_time": 0.0, "wallclock_time": 3.719329833984375e-05, "evaluations": 0, "cost": 2147483648.0, "incumbent": ["max_depth='9'", "max_features='0.2674589099883767'", "min_impurity_decrease='0.30138168803582194'", "min_samples_leaf='0.08336032899551385'", "min_samples_split='0.07005843440570782'", "min_weight_fraction_leaf='0.1235058980795748'"], "origin": "Initial design"}
{"cpu_time": 0.00561976432800293, "wallclock_time": 0.007279872894287109, "evaluations": 1, "cost": 1.0134, "incumbent": ["max_depth='9'", "max_features='0.2674589099883767'", "min_impurity_decrease='0.30138168803582194'", "min_samples_leaf='0.08336032899551385'", "min_samples_split='0.07005843440570782'", "min_weight_fraction_leaf='0.1235058980795748'"], "origin": "Initial design"}
