{"cpu_time": 0.0, "wallclock_time": 3.981590270996094e-05, "evaluations": 0, "cost": 2147483648.0, "incumbent": ["C='44.915238251379954'", "gamma='0.0005106787922598668'", "tol='0.0001457534876894738'"], "origin": "Initial design"}
{"cpu_time": 0.01725482940673828, "wallclock_time": 0.01872992515563965, "evaluations": 1, "cost": 1.0618, "incumbent": ["C='44.915238251379954'", "gamma='0.0005106787922598668'", "tol='0.0001457534876894738'"], "origin": "Initial design"}
{"cpu_time": 0.0491030216217041, "wallclock_time": 0.05365562438964844, "evaluations": 3, "cost": 1.0136, "incumbent": ["C='2.3809810087779435'", "gamma='0.00016115466367706287'", "tol='1.6064559195630014e-05'"], "origin": "Initial design"}
{"cpu_time": 0.09706711769104004, "wallclock_time": 0.4204573631286621, "evaluations": 6, "cost": 1.0135, "incumbent": ["C='2.552365865283117'", "gamma='0.0001658904333846076'", "tol='2.1109260459840335e-05'"], "origin": "Random Search (sorted)"}
{"cpu_time": 0.11280608177185059, "wallclock_time": 0.4383232593536377, "evaluations": 7, "cost": 1.0129, "incumbent": ["C='3.796943727289638'", "gamma='0.00016592854706610916'", "tol='5.232756363365457e-05'"], "origin": "Random Search (sorted)"}
{"cpu_time": 0.1929340362548828, "wallclock_time": 2.250187397003174, "evaluations": 12, "cost": 1.0125, "incumbent": ["C='3.744564856249869'", "gamma='0.00023837677863132507'", "tol='4.757817504267906e-05'"], "origin": "Random Search (sorted)"}
{"cpu_time": 0.33042263984680176, "wallclock_time": 4.685270071029663, "evaluations": 20, "cost": 1.0125, "incumbent": ["C='3.744564856249869'", "gamma='0.0002252736447309227'", "tol='4.757817504267906e-05'"], "origin": "Local Search"}
