{"cpu_time": 0.0, "wallclock_time": 3.5762786865234375e-05, "evaluations": 0, "cost": 2147483648.0, "incumbent": {"max_depth": 9, "max_features": 0.258943323491781, "min_impurity_decrease": 0.14545236945647216, "min_samples_leaf": 0.07301276842154016, "min_samples_split": 0.6053358137165978, "min_weight_fraction_leaf": 0.32727366913738365}, "budget": 0, "origin": "Initial design"}
{"cpu_time": 0.052149295806884766, "wallclock_time": 0.0538325309753418, "evaluations": 1, "cost": 1.006, "incumbent": {"max_depth": 9, "max_features": 0.258943323491781, "min_impurity_decrease": 0.14545236945647216, "min_samples_leaf": 0.07301276842154016, "min_samples_split": 0.6053358137165978, "min_weight_fraction_leaf": 0.32727366913738365}, "budget": 0, "origin": "Initial design"}
{"cpu_time": 0.10415434837341309, "wallclock_time": 0.1075596809387207, "evaluations": 2, "cost": 0.9297, "incumbent": {"max_depth": 3, "max_features": 0.02591678831290768, "min_impurity_decrease": 0.02573360165041494, "min_samples_leaf": 0.05559747519816745, "min_samples_split": 0.011471547768812092, "min_weight_fraction_leaf": 0.05917492621738135}, "budget": 0, "origin": "Initial design"}
{"cpu_time": 0.3728764057159424, "wallclock_time": 0.844043493270874, "evaluations": 7, "cost": 0.8314, "incumbent": {"max_depth": 8, "max_features": 0.41310077319040583, "min_impurity_decrease": 0.04249973543846042, "min_samples_leaf": 0.03526969576358443, "min_samples_split": 0.16323793262423233, "min_weight_fraction_leaf": 0.024125980562486167}, "budget": 0, "origin": "Random Search"}
{"cpu_time": 0.6632370948791504, "wallclock_time": 4.171130895614624, "evaluations": 12, "cost": 0.8179, "incumbent": {"max_depth": 13, "max_features": 0.41310077319040583, "min_impurity_decrease": 0.046453025832062636, "min_samples_leaf": 0.02007565586370773, "min_samples_split": 0.18977266500961154, "min_weight_fraction_leaf": 0.024125980562486167}, "budget": 0, "origin": "Local Search"}
{"cpu_time": 1.0983593463897705, "wallclock_time": 7.883527517318726, "evaluations": 20, "cost": 0.8165, "incumbent": {"max_depth": 15, "max_features": 0.41014071214957254, "min_impurity_decrease": 0.04652793643710963, "min_samples_leaf": 0.03431824565568057, "min_samples_split": 0.21787477189824422, "min_weight_fraction_leaf": 0.02425875397710268}, "budget": 0, "origin": "Local Search"}
{"cpu_time": 1.1551063060760498, "wallclock_time": 7.944047451019287, "evaluations": 21, "cost": 0.7977, "incumbent": {"max_depth": 14, "max_features": 0.39286629348161406, "min_impurity_decrease": 0.046923843696893584, "min_samples_leaf": 0.05530233370273507, "min_samples_split": 0.22429118115382823, "min_weight_fraction_leaf": 0.024417745236064048}, "budget": 0, "origin": "Local Search"}
