{"cpu_time": 0.0, "wallclock_time": 3.457069396972656e-05, "evaluations": 0, "cost": 2147483648.0, "incumbent": {"max_depth": 9, "max_features": 0.258943323491781, "min_impurity_decrease": 0.14545236945647216, "min_samples_leaf": 0.07301276842154016, "min_samples_split": 0.6053358137165978, "min_weight_fraction_leaf": 0.32727366913738365}, "budget": 0, "origin": "Initial design"}
{"cpu_time": 0.00559234619140625, "wallclock_time": 0.007234811782836914, "evaluations": 1, "cost": 1.0122, "incumbent": {"max_depth": 9, "max_features": 0.258943323491781, "min_impurity_decrease": 0.14545236945647216, "min_samples_leaf": 0.07301276842154016, "min_samples_split": 0.6053358137165978, "min_weight_fraction_leaf": 0.32727366913738365}, "budget": 0, "origin": "Initial design"}
{"cpu_time": 0.10447120666503906, "wallclock_time": 8.466917514801025, "evaluations": 18, "cost": 0.9975, "incumbent": {"max_depth": 9, "max_features": 0.3831391764041544, "min_impurity_decrease": 0.0666647086500955, "min_samples_leaf": 0.05415144521256416, "min_samples_split": 0.1259176581784961, "min_weight_fraction_leaf": 0.04168625152496691}, "budget": 0, "origin": "Random Search (sorted)"}
