{"cpu_time": 0.0, "wallclock_time": 3.552436828613281e-05, "evaluations": 0, "cost": 2147483648.0, "incumbent": ["learning_rate='1.5839636792271974'", "n_estimators='16'"], "origin": "Initial design"}
{"cpu_time": 0.11776208877563477, "wallclock_time": 0.11919355392456055, "evaluations": 1, "cost": 0.8344, "incumbent": ["learning_rate='1.5839636792271974'", "n_estimators='16'"], "origin": "Initial design"}
{"cpu_time": 2.7453134059906006, "wallclock_time": 3.4391775131225586, "evaluations": 9, "cost": 0.8331, "incumbent": ["learning_rate='0.21030007442658094'", "n_estimators='78'"], "origin": "Random Search"}
{"cpu_time": 2.8830647468566895, "wallclock_time": 3.579169988632202, "evaluations": 10, "cost": 0.8293, "incumbent": ["learning_rate='0.2979327625937022'", "n_estimators='18'"], "origin": null}
{"cpu_time": 3.4454147815704346, "wallclock_time": 4.14592432975769, "evaluations": 11, "cost": 0.8209, "incumbent": ["learning_rate='0.3830157746816118'", "n_estimators='79'"], "origin": "Random Search"}
{"cpu_time": 4.672824382781982, "wallclock_time": 6.514538288116455, "evaluations": 14, "cost": 0.8042, "incumbent": ["learning_rate='0.2802475527804405'", "n_estimators='90'"], "origin": "Random Search (sorted)"}
{"cpu_time": 6.685820579528809, "wallclock_time": 8.90598201751709, "evaluations": 17, "cost": 0.7921, "incumbent": ["learning_rate='0.27162444870585584'", "n_estimators='93'"], "origin": "Random Search (sorted)"}
{"cpu_time": 8.714453935623169, "wallclock_time": 11.662390232086182, "evaluations": 20, "cost": 0.7816, "incumbent": ["learning_rate='0.2675225071751741'", "n_estimators='97'"], "origin": "Random Search (sorted)"}
{"cpu_time": 10.763907670974731, "wallclock_time": 14.587852716445923, "evaluations": 23, "cost": 0.744, "incumbent": ["learning_rate='0.7896736000898855'", "n_estimators='97'"], "origin": "Random Search (sorted)"}
{"cpu_time": 12.07463026046753, "wallclock_time": 16.27371048927307, "evaluations": 25, "cost": 0.7101, "incumbent": ["learning_rate='2.4653108749213817'", "n_estimators='100'"], "origin": "Random Search (sorted)"}
{"cpu_time": 14.55309247970581, "wallclock_time": 20.087063312530518, "evaluations": 30, "cost": 0.704, "incumbent": ["learning_rate='2.4516131175956737'", "n_estimators='100'"], "origin": "Local Search"}
