{"cpu_time": 0.0, "wallclock_time": 3.2901763916015625e-05, "evaluations": 0, "cost": 2147483648.0, "incumbent": {"max_depth": 7, "max_features": 0.2738450598230169, "min_impurity_decrease": 5.718740867244332e-05, "min_samples_leaf": 0.032434060996912296, "min_samples_split": 0.019627781772875195, "min_weight_fraction_leaf": 0.014324198507350686}, "budget": 0, "origin": "Initial design"}
{"cpu_time": 0.0068073272705078125, "wallclock_time": 0.008436203002929688, "evaluations": 1, "cost": 0.7248, "incumbent": {"max_depth": 7, "max_features": 0.2738450598230169, "min_impurity_decrease": 5.718740867244332e-05, "min_samples_leaf": 0.032434060996912296, "min_samples_split": 0.019627781772875195, "min_weight_fraction_leaf": 0.014324198507350686}, "budget": 0, "origin": "Initial design"}
{"cpu_time": 0.12920904159545898, "wallclock_time": 8.482113122940063, "evaluations": 20, "cost": 0.7242, "incumbent": {"max_depth": 7, "max_features": 0.2735280443155917, "min_impurity_decrease": 0.02191029690202083, "min_samples_leaf": 0.032434060996912296, "min_samples_split": 0.015594734811075721, "min_weight_fraction_leaf": 0.014324198507350686}, "budget": 0, "origin": "Local Search"}
{"cpu_time": 0.16867280006408691, "wallclock_time": 11.539384841918945, "evaluations": 26, "cost": 0.6974, "incumbent": {"max_depth": 8, "max_features": 0.27368601455516794, "min_impurity_decrease": 5.718740867244332e-05, "min_samples_leaf": 0.03190028811267487, "min_samples_split": 0.01515560205739178, "min_weight_fraction_leaf": 0.015457130481749464}, "budget": 0, "origin": "Local Search"}
