{"cpu_time": 0.0, "wallclock_time": 3.981590270996094e-05, "evaluations": 0, "cost": 2147483648.0, "incumbent": ["max_depth='9'", "max_features='0.2674589099883767'", "min_impurity_decrease='0.30138168803582194'", "min_samples_leaf='0.08336032899551385'", "min_samples_split='0.07005843440570782'", "min_weight_fraction_leaf='0.1235058980795748'"], "origin": "Initial design"}
{"cpu_time": 0.0530095100402832, "wallclock_time": 0.05456900596618652, "evaluations": 1, "cost": 1.0038, "incumbent": ["max_depth='9'", "max_features='0.2674589099883767'", "min_impurity_decrease='0.30138168803582194'", "min_samples_leaf='0.08336032899551385'", "min_samples_split='0.07005843440570782'", "min_weight_fraction_leaf='0.1235058980795748'"], "origin": "Initial design"}
{"cpu_time": 0.16927409172058105, "wallclock_time": 0.17529821395874023, "evaluations": 3, "cost": 0.8781, "incumbent": ["max_depth='9'", "max_features='0.7033204209752383'", "min_impurity_decrease='0.03551802909894347'", "min_samples_leaf='0.01403671883581709'", "min_samples_split='0.01097358534178148'", "min_weight_fraction_leaf='0.25544111374655565'"], "origin": "Initial design"}
{"cpu_time": 0.43796610832214355, "wallclock_time": 2.060685873031616, "evaluations": 8, "cost": 0.639, "incumbent": ["max_depth='13'", "max_features='0.10489627562997557'", "min_impurity_decrease='0.0005997609854042074'", "min_samples_leaf='0.017297578884213113'", "min_samples_split='0.01140839311420688'", "min_weight_fraction_leaf='0.01306144203954391'"], "origin": "Random Search (sorted)"}
{"cpu_time": 1.568939447402954, "wallclock_time": 12.916400909423828, "evaluations": 29, "cost": 0.6388, "incumbent": ["max_depth='14'", "max_features='0.076647837020477'", "min_impurity_decrease='0.0005997609854042074'", "min_samples_leaf='0.017060224115409584'", "min_samples_split='0.011858030468145299'", "min_weight_fraction_leaf='0.01759278515047863'"], "origin": "Local Search"}
