{"cpu_time": 0.0, "wallclock_time": 3.528594970703125e-05, "evaluations": 0, "cost": 2147483648.0, "incumbent": ["learning_rate='4.60030680449031'", "n_estimators='100'"], "origin": "Initial design"}
{"cpu_time": 0.4814414978027344, "wallclock_time": 0.4828765392303467, "evaluations": 1, "cost": 1.6269, "incumbent": ["learning_rate='4.60030680449031'", "n_estimators='100'"], "origin": "Initial design"}
{"cpu_time": 0.8340201377868652, "wallclock_time": 0.8399384021759033, "evaluations": 3, "cost": 0.809, "incumbent": ["learning_rate='0.00961398934516561'", "n_estimators='31'"], "origin": "Initial design"}
{"cpu_time": 1.4751720428466797, "wallclock_time": 1.4827244281768799, "evaluations": 4, "cost": 0.6082, "incumbent": ["learning_rate='1.7043335115909477'", "n_estimators='94'"], "origin": null}
{"cpu_time": 2.572584867477417, "wallclock_time": 2.8814661502838135, "evaluations": 7, "cost": 0.6046, "incumbent": ["learning_rate='1.5077782806301112'", "n_estimators='94'"], "origin": "Random Search (sorted)"}
{"cpu_time": 4.5670788288116455, "wallclock_time": 5.670400857925415, "evaluations": 11, "cost": 0.596, "incumbent": ["learning_rate='1.503553576602879'", "n_estimators='80'"], "origin": "Random Search (sorted)"}
{"cpu_time": 6.770883321762085, "wallclock_time": 9.07197117805481, "evaluations": 15, "cost": 0.5802, "incumbent": ["learning_rate='1.5042352576741673'", "n_estimators='82'"], "origin": "Local Search"}
{"cpu_time": 8.326189279556274, "wallclock_time": 11.333948135375977, "evaluations": 18, "cost": 0.5798, "incumbent": ["learning_rate='1.5042352576741673'", "n_estimators='83'"], "origin": "Local Search"}
{"cpu_time": 13.242275476455688, "wallclock_time": 19.207674503326416, "evaluations": 27, "cost": 0.5782, "incumbent": ["learning_rate='1.5042352576741673'", "n_estimators='100'"], "origin": "Local Search"}
{"cpu_time": 13.959493160247803, "wallclock_time": 19.928335189819336, "evaluations": 28, "cost": 0.5731, "incumbent": ["learning_rate='1.5042352576741673'", "n_estimators='96'"], "origin": "Local Search"}
{"cpu_time": 15.227474451065063, "wallclock_time": 21.710382223129272, "evaluations": 30, "cost": 0.5727, "incumbent": ["learning_rate='1.5042352576741673'", "n_estimators='97'"], "origin": "Local Search"}
