{"cpu_time": 0.0, "wallclock_time": 4.2438507080078125e-05, "evaluations": 0, "cost": 2147483648.0, "incumbent": ["C='17.826497151386942'", "gamma='0.000525199729142797'", "tol='1.0010539860510485e-05'"], "origin": "Initial design"}
{"cpu_time": 0.017498016357421875, "wallclock_time": 0.01910114288330078, "evaluations": 1, "cost": 0.9239, "incumbent": ["C='17.826497151386942'", "gamma='0.000525199729142797'", "tol='1.0010539860510485e-05'"], "origin": "Initial design"}
{"cpu_time": 0.0673971176147461, "wallclock_time": 0.07449674606323242, "evaluations": 4, "cost": 0.9235, "incumbent": ["C='41.34759007834718'", "gamma='0.00026253941572909975'", "tol='0.005506529897945991'"], "origin": "Initial design"}
{"cpu_time": 0.10199499130249023, "wallclock_time": 0.11437296867370605, "evaluations": 6, "cost": 0.9175, "incumbent": ["C='128.2138606206239'", "gamma='0.00011525286546687122'", "tol='0.0003217862663291407'"], "origin": "Random Search"}
{"cpu_time": 0.32507753372192383, "wallclock_time": 2.9619369506835938, "evaluations": 19, "cost": 0.9162, "incumbent": ["C='144.1497317092876'", "gamma='0.00010991093794432779'", "tol='0.00028702782989699105'"], "origin": "Local Search"}
{"cpu_time": 0.35959911346435547, "wallclock_time": 3.012075901031494, "evaluations": 21, "cost": 0.9153, "incumbent": ["C='31.92628115839975'", "gamma='0.00047428783818423165'", "tol='1.1669137802986222e-05'"], "origin": "Random Search"}
{"cpu_time": 0.43096089363098145, "wallclock_time": 4.935661792755127, "evaluations": 25, "cost": 0.9138, "incumbent": ["C='32.39090928580612'", "gamma='0.0005090580839209277'", "tol='1.1699203442619362e-05'"], "origin": "Random Search (sorted)"}
{"cpu_time": 0.529125452041626, "wallclock_time": 7.357091903686523, "evaluations": 30, "cost": 0.9138, "incumbent": ["C='32.4585390406849'", "gamma='0.0005269270672810897'", "tol='1.2088973522692162e-05'"], "origin": "Local Search"}
