{"cpu_time": 0.0, "wallclock_time": 3.933906555175781e-05, "evaluations": 0, "cost": 2147483648.0, "incumbent": {"alpha": 1.095706562156234, "batch_size": 39, "hidden_layer_sizes": 61, "learning_rate_init": 0.001893412804339247, "momentum": 0.0011382453367174076, "power_t": 0.2612540818644053}, "budget": 0, "origin": "Initial design"}
{"cpu_time": 0.2713587284088135, "wallclock_time": 0.27286434173583984, "evaluations": 1, "cost": 1.1255, "incumbent": {"alpha": 1.095706562156234, "batch_size": 39, "hidden_layer_sizes": 61, "learning_rate_init": 0.001893412804339247, "momentum": 0.0011382453367174076, "power_t": 0.2612540818644053}, "budget": 0, "origin": "Initial design"}
{"cpu_time": 0.7593910694122314, "wallclock_time": 0.7654681205749512, "evaluations": 3, "cost": 1.0256, "incumbent": {"alpha": 0.0013287106968207592, "batch_size": 128, "hidden_layer_sizes": 82, "learning_rate_init": 0.04499930257575027, "momentum": 0.8327636100005468, "power_t": 0.5380022416045742}, "budget": 0, "origin": "Initial design"}
{"cpu_time": 0.9540629386901855, "wallclock_time": 0.9622523784637451, "evaluations": 4, "cost": 0.9471, "incumbent": {"alpha": 0.8043116425855964, "batch_size": 72, "hidden_layer_sizes": 164, "learning_rate_init": 0.03734740413372437, "momentum": 0.001153013936524833, "power_t": 0.4847846230630253}, "budget": 0, "origin": null}
{"cpu_time": 1.675117015838623, "wallclock_time": 2.17099928855896, "evaluations": 6, "cost": 0.9228, "incumbent": {"alpha": 0.06843274760416491, "batch_size": 14, "hidden_layer_sizes": 172, "learning_rate_init": 0.04879770974809539, "momentum": 0.001132715451598018, "power_t": 0.6399122259134324}, "budget": 0, "origin": "Random Search (sorted)"}
{"cpu_time": 2.1344830989837646, "wallclock_time": 3.4482100009918213, "evaluations": 8, "cost": 0.9219, "incumbent": {"alpha": 0.0412005297875058, "batch_size": 14, "hidden_layer_sizes": 175, "learning_rate_init": 0.04879770974809539, "momentum": 0.0010794297483157687, "power_t": 0.665929644907085}, "budget": 0, "origin": "Local Search"}
{"cpu_time": 7.757320165634155, "wallclock_time": 17.238301515579224, "evaluations": 24, "cost": 0.9161, "incumbent": {"alpha": 0.0412005297875058, "batch_size": 15, "hidden_layer_sizes": 175, "learning_rate_init": 0.04898146965411738, "momentum": 0.001027743531937965, "power_t": 0.6577480142897205}, "budget": 0, "origin": "Local Search"}
