{"cpu_time": 0.0, "wallclock_time": 3.719329833984375e-05, "evaluations": 0, "cost": 2147483648.0, "incumbent": ["max_depth='7'", "max_features='0.011265210225126335'", "min_impurity_decrease='0.27483123893935457'", "min_samples_leaf='0.05442271472521289'", "min_samples_split='0.06900821287746466'", "min_weight_fraction_leaf='0.03616851013722821'"], "origin": "Initial design"}
{"cpu_time": 0.051537513732910156, "wallclock_time": 0.05324673652648926, "evaluations": 1, "cost": 1.0086, "incumbent": ["max_depth='7'", "max_features='0.011265210225126335'", "min_impurity_decrease='0.27483123893935457'", "min_samples_leaf='0.05442271472521289'", "min_samples_split='0.06900821287746466'", "min_weight_fraction_leaf='0.03616851013722821'"], "origin": "Initial design"}
{"cpu_time": 0.10268735885620117, "wallclock_time": 0.10611939430236816, "evaluations": 2, "cost": 0.9728, "incumbent": ["max_depth='4'", "max_features='0.1721230112852961'", "min_impurity_decrease='0.14982733683726157'", "min_samples_leaf='0.028248176259675867'", "min_samples_split='0.17360272472826838'", "min_weight_fraction_leaf='0.0784068296218743'"], "origin": "Initial design"}
{"cpu_time": 0.1547222137451172, "wallclock_time": 0.17390775680541992, "evaluations": 3, "cost": 0.8874, "incumbent": ["max_depth='3'", "max_features='0.15519793585483974'", "min_impurity_decrease='0.11300600030211794'", "min_samples_leaf='0.015162093706799586'", "min_samples_split='0.027520151502054023'", "min_weight_fraction_leaf='0.0390188994403273'"], "origin": null}
{"cpu_time": 0.6220993995666504, "wallclock_time": 4.665143728256226, "evaluations": 12, "cost": 0.7819, "incumbent": ["max_depth='6'", "max_features='0.33952844171462976'", "min_impurity_decrease='0.08688688590404492'", "min_samples_leaf='0.0450517825886356'", "min_samples_split='0.02574809074125398'", "min_weight_fraction_leaf='0.012551291213195186'"], "origin": "Random Search (sorted)"}
{"cpu_time": 0.6782886981964111, "wallclock_time": 4.72459602355957, "evaluations": 13, "cost": 0.7571, "incumbent": ["max_depth='6'", "max_features='0.33186628687577335'", "min_impurity_decrease='0.044223715861832234'", "min_samples_leaf='0.04504907626992109'", "min_samples_split='0.028266485030747062'", "min_weight_fraction_leaf='0.015219893441072498'"], "origin": "Local Search"}
{"cpu_time": 0.7970316410064697, "wallclock_time": 5.555399417877197, "evaluations": 15, "cost": 0.6933, "incumbent": ["max_depth='14'", "max_features='0.847607466575407'", "min_impurity_decrease='0.03191001430408935'", "min_samples_leaf='0.03918081988589995'", "min_samples_split='0.2686138138807127'", "min_weight_fraction_leaf='0.01474943146521941'"], "origin": "Random Search (sorted)"}
{"cpu_time": 0.85544753074646, "wallclock_time": 5.617321252822876, "evaluations": 16, "cost": 0.6857, "incumbent": ["max_depth='14'", "max_features='0.445066284297091'", "min_impurity_decrease='0.04636600621530848'", "min_samples_leaf='0.036087561491196275'", "min_samples_split='0.2563048726155927'", "min_weight_fraction_leaf='0.014391978205694114'"], "origin": "Local Search"}
{"cpu_time": 0.926128625869751, "wallclock_time": 5.691171407699585, "evaluations": 17, "cost": 0.6267, "incumbent": ["max_depth='12'", "max_features='0.8516061439631345'", "min_impurity_decrease='0.0072569160342583'", "min_samples_leaf='0.030635949760683404'", "min_samples_split='0.08880308001579587'", "min_weight_fraction_leaf='0.01483876598266541'"], "origin": "Local Search"}
{"cpu_time": 1.0631184577941895, "wallclock_time": 6.481710195541382, "evaluations": 19, "cost": 0.6209, "incumbent": ["max_depth='13'", "max_features='0.862416669909959'", "min_impurity_decrease='0.009010430835256322'", "min_samples_leaf='0.024486224802865116'", "min_samples_split='0.0883669015251501'", "min_weight_fraction_leaf='0.043204992074994196'"], "origin": "Local Search"}
