{"cpu_time": 0.0, "wallclock_time": 3.886222839355469e-05, "evaluations": 0, "cost": 2147483648.0, "incumbent": ["C='20.3228544324115'", "gamma='0.0001061515235567512'", "tol='0.0015799738953604949'"], "origin": "Initial design"}
{"cpu_time": 0.015566587448120117, "wallclock_time": 0.017028331756591797, "evaluations": 1, "cost": 1.0201, "incumbent": ["C='20.3228544324115'", "gamma='0.0001061515235567512'", "tol='0.0015799738953604949'"], "origin": "Initial design"}
{"cpu_time": 0.04820370674133301, "wallclock_time": 0.053412675857543945, "evaluations": 3, "cost": 1.0178, "incumbent": ["C='4.1109850943453345'", "gamma='0.00041617018769270046'", "tol='0.00015798603319028853'"], "origin": "Initial design"}
{"cpu_time": 0.06502223014831543, "wallclock_time": 0.07219839096069336, "evaluations": 4, "cost": 1.0165, "incumbent": ["C='2.533610417321417'", "gamma='0.0003262707349770297'", "tol='5.467130776888183e-05'"], "origin": null}
{"cpu_time": 0.11426067352294922, "wallclock_time": 0.8863785266876221, "evaluations": 7, "cost": 1.0162, "incumbent": ["C='2.3436095220609574'", "gamma='0.0003307425073297293'", "tol='4.302025187657852e-05'"], "origin": "Random Search (sorted)"}
{"cpu_time": 0.15003252029418945, "wallclock_time": 1.2779109477996826, "evaluations": 9, "cost": 1.016, "incumbent": ["C='2.1582933574680667'", "gamma='0.00033485124952966787'", "tol='1.4761606427881537e-05'"], "origin": "Random Search (sorted)"}
{"cpu_time": 0.16560602188110352, "wallclock_time": 1.2957234382629395, "evaluations": 10, "cost": 1.0151, "incumbent": ["C='1.5726623132794502'", "gamma='0.0003312000380267068'", "tol='1.020962912949845e-05'"], "origin": "Random Search (sorted)"}
{"cpu_time": 0.19730353355407715, "wallclock_time": 1.7330758571624756, "evaluations": 12, "cost": 1.0144, "incumbent": ["C='1.2175477175762153'", "gamma='0.00022905658287284637'", "tol='1.0336072007379008e-05'"], "origin": "Random Search (sorted)"}
{"cpu_time": 0.21317291259765625, "wallclock_time": 1.7514328956604004, "evaluations": 13, "cost": 1.0142, "incumbent": ["C='1.5127497300372859'", "gamma='0.0001258094319933847'", "tol='1.0281203226279394e-05'"], "origin": "Random Search (sorted)"}
{"cpu_time": 0.24523162841796875, "wallclock_time": 2.34070086479187, "evaluations": 15, "cost": 1.0142, "incumbent": ["C='1.3497744872226025'", "gamma='0.00015057123525252897'", "tol='1.0116474625498362e-05'"], "origin": "Local Search"}
{"cpu_time": 0.3249702453613281, "wallclock_time": 3.797673463821411, "evaluations": 20, "cost": 1.0142, "incumbent": ["C='1.3563255488981951'", "gamma='0.00014822832922536613'", "tol='1.0101316347765057e-05'"], "origin": "Local Search"}
{"cpu_time": 0.4053192138671875, "wallclock_time": 5.710385084152222, "evaluations": 25, "cost": 1.0142, "incumbent": ["C='1.3553776376950497'", "gamma='0.0001483250296380769'", "tol='1.0083457858753112e-05'"], "origin": "Local Search"}
{"cpu_time": 0.46906018257141113, "wallclock_time": 6.6360132694244385, "evaluations": 29, "cost": 1.0142, "incumbent": ["C='1.3553776376950497'", "gamma='0.00014851010434191315'", "tol='1.0083457858753112e-05'"], "origin": "Local Search"}
{"cpu_time": 0.48477768898010254, "wallclock_time": 6.655157566070557, "evaluations": 30, "cost": 1.0142, "incumbent": ["C='1.3574342262230739'", "gamma='0.0001489150965518129'", "tol='1.0083457858753112e-05'"], "origin": "Local Search"}
