{"cpu_time": 0.0, "wallclock_time": 4.982948303222656e-05, "evaluations": 0, "cost": 2147483648.0, "incumbent": ["alpha='3.9386206724436224'", "batch_size='41'", "hidden_layer_sizes='200'", "learning_rate_init='0.09912017526620899'", "momentum='0.015472833880662699'", "power_t='0.16799104738110393'"], "origin": "Initial design"}
{"cpu_time": 0.1458442211151123, "wallclock_time": 0.1482088565826416, "evaluations": 1, "cost": 1.072, "incumbent": ["alpha='3.9386206724436224'", "batch_size='41'", "hidden_layer_sizes='200'", "learning_rate_init='0.09912017526620899'", "momentum='0.015472833880662699'", "power_t='0.16799104738110393'"], "origin": "Initial design"}
{"cpu_time": 0.3073747158050537, "wallclock_time": 0.3119182586669922, "evaluations": 2, "cost": 1.0349, "incumbent": ["alpha='0.10434609979357326'", "batch_size='235'", "hidden_layer_sizes='108'", "learning_rate_init='0.024279719592336452'", "momentum='0.03744695910100082'", "power_t='0.1990393326736252'"], "origin": "Initial design"}
{"cpu_time": 2.4399893283843994, "wallclock_time": 8.297803401947021, "evaluations": 16, "cost": 1.0321, "incumbent": ["alpha='0.03413980256823058'", "batch_size='232'", "hidden_layer_sizes='108'", "learning_rate_init='0.002638235644026904'", "momentum='0.002274800206914086'", "power_t='0.144839896341939'"], "origin": "Local Search"}
{"cpu_time": 3.4116127490997314, "wallclock_time": 15.276911497116089, "evaluations": 27, "cost": 1.0321, "incumbent": ["alpha='0.03670610669930238'", "batch_size='228'", "hidden_layer_sizes='108'", "learning_rate_init='0.0014398465683771633'", "momentum='0.004378101194094869'", "power_t='0.1340051411790182'"], "origin": "Local Search"}
