{"cpu_time": 0.0, "wallclock_time": 4.673004150390625e-05, "evaluations": 0, "cost": 2147483648.0, "incumbent": {"C": 20.3228544324115, "gamma": 0.0001061515235567512, "tol": 0.0015799738953604949}, "budget": 0, "origin": "Initial design"}
{"cpu_time": 0.020505189895629883, "wallclock_time": 0.02234053611755371, "evaluations": 1, "cost": 0.9761, "incumbent": {"C": 20.3228544324115, "gamma": 0.0001061515235567512, "tol": 0.0015799738953604949}, "budget": 0, "origin": "Initial design"}
{"cpu_time": 0.041239261627197266, "wallclock_time": 0.0448610782623291, "evaluations": 2, "cost": 0.9508, "incumbent": {"C": 20.228662931987557, "gamma": 0.00026324964978173386, "tol": 0.00020957490791939475}, "budget": 0, "origin": "Initial design"}
{"cpu_time": 0.13721275329589844, "wallclock_time": 0.9127800464630127, "evaluations": 6, "cost": 0.9333, "incumbent": {"C": 29.608563924096277, "gamma": 0.00024540666863842034, "tol": 0.000193279400905138}, "budget": 0, "origin": "Random Search (sorted)"}
{"cpu_time": 0.19054532051086426, "wallclock_time": 1.6481812000274658, "evaluations": 8, "cost": 0.9231, "incumbent": {"C": 28.92999992094344, "gamma": 0.0003684512682509183, "tol": 0.00035071997008829646}, "budget": 0, "origin": "Random Search (sorted)"}
{"cpu_time": 0.23225736618041992, "wallclock_time": 2.1452558040618896, "evaluations": 10, "cost": 0.9144, "incumbent": {"C": 27.91780826781359, "gamma": 0.000667957310932887, "tol": 0.00062262709177307}, "budget": 0, "origin": "Random Search (sorted)"}
{"cpu_time": 0.2737603187561035, "wallclock_time": 2.6885476112365723, "evaluations": 12, "cost": 0.9138, "incumbent": {"C": 27.810345214666082, "gamma": 0.0009947738272892326, "tol": 0.0005530267748626414}, "budget": 0, "origin": "Random Search (sorted)"}
{"cpu_time": 0.40004801750183105, "wallclock_time": 5.4439778327941895, "evaluations": 18, "cost": 0.8705, "incumbent": {"C": 371.8190243113794, "gamma": 0.0008785715100308998, "tol": 6.601210994390355e-05}, "budget": 0, "origin": "Random Search (sorted)"}
{"cpu_time": 0.44898056983947754, "wallclock_time": 5.988753318786621, "evaluations": 20, "cost": 0.8259, "incumbent": {"C": 689.1037752786747, "gamma": 0.0007871877274278974, "tol": 7.859531746057775e-05}, "budget": 0, "origin": "Random Search (sorted)"}
{"cpu_time": 0.5278241634368896, "wallclock_time": 7.1519012451171875, "evaluations": 23, "cost": 0.7779, "incumbent": {"C": 880.4653951019911, "gamma": 0.0008225510101989134, "tol": 7.6725082304093e-05}, "budget": 0, "origin": "Random Search (sorted)"}
{"cpu_time": 0.5802879333496094, "wallclock_time": 7.655450820922852, "evaluations": 25, "cost": 0.7051, "incumbent": {"C": 951.6376908825915, "gamma": 0.0009622673622836165, "tol": 1.288530528530429e-05}, "budget": 0, "origin": "Random Search (sorted)"}
{"cpu_time": 0.7031841278076172, "wallclock_time": 8.774490594863892, "evaluations": 29, "cost": 0.6982, "incumbent": {"C": 974.3939686049672, "gamma": 0.0009678664691159875, "tol": 1.3827674349359546e-05}, "budget": 0, "origin": "Local Search"}
