{"cpu_time": 0.0, "wallclock_time": 3.361701965332031e-05, "evaluations": 0, "cost": 2147483648.0, "incumbent": {"max_depth": 9, "max_features": 0.258943323491781, "min_impurity_decrease": 0.14545236945647216, "min_samples_leaf": 0.07301276842154016, "min_samples_split": 0.6053358137165978, "min_weight_fraction_leaf": 0.32727366913738365}, "budget": 0, "origin": "Initial design"}
{"cpu_time": 0.0056476593017578125, "wallclock_time": 0.007297039031982422, "evaluations": 1, "cost": 1.0134, "incumbent": {"max_depth": 9, "max_features": 0.258943323491781, "min_impurity_decrease": 0.14545236945647216, "min_samples_leaf": 0.07301276842154016, "min_samples_split": 0.6053358137165978, "min_weight_fraction_leaf": 0.32727366913738365}, "budget": 0, "origin": "Initial design"}
