{"cpu_time": 0.0, "wallclock_time": 4.00543212890625e-05, "evaluations": 0, "cost": 2147483648.0, "incumbent": ["max_depth='7'", "max_features='0.011265210225126335'", "min_impurity_decrease='0.27483123893935457'", "min_samples_leaf='0.05442271472521289'", "min_samples_split='0.06900821287746466'", "min_weight_fraction_leaf='0.03616851013722821'"], "origin": "Initial design"}
{"cpu_time": 0.006653547286987305, "wallclock_time": 0.008629560470581055, "evaluations": 1, "cost": 1.0134, "incumbent": ["max_depth='7'", "max_features='0.011265210225126335'", "min_impurity_decrease='0.27483123893935457'", "min_samples_leaf='0.05442271472521289'", "min_samples_split='0.06900821287746466'", "min_weight_fraction_leaf='0.03616851013722821'"], "origin": "Initial design"}
