{"cpu_time": 0.0, "wallclock_time": 6.914138793945312e-05, "evaluations": 0, "cost": 2147483648.0, "incumbent": {"alpha": 1.1630395714480335, "batch_size": 216, "hidden_layer_sizes": 139, "learning_rate_init": 0.02449102463401213, "momentum": 0.014222570771709842, "power_t": 0.39357815616936087}, "budget": 0, "origin": "Initial design"}
{"cpu_time": 0.2565944194793701, "wallclock_time": 0.2591230869293213, "evaluations": 1, "cost": 1.1895, "incumbent": {"alpha": 1.1630395714480335, "batch_size": 216, "hidden_layer_sizes": 139, "learning_rate_init": 0.02449102463401213, "momentum": 0.014222570771709842, "power_t": 0.39357815616936087}, "budget": 0, "origin": "Initial design"}
{"cpu_time": 0.6303446292877197, "wallclock_time": 0.6385025978088379, "evaluations": 3, "cost": 1.1361, "incumbent": {"alpha": 1.0386580256500308, "batch_size": 91, "hidden_layer_sizes": 109, "learning_rate_init": 0.003914600869268913, "momentum": 0.7431039702777205, "power_t": 0.22459068051013392}, "budget": 0, "origin": "Initial design"}
{"cpu_time": 0.944077730178833, "wallclock_time": 0.9554190635681152, "evaluations": 4, "cost": 1.046, "incumbent": {"alpha": 0.03105408607593022, "batch_size": 139, "hidden_layer_sizes": 158, "learning_rate_init": 0.010825862263250658, "momentum": 0.02633876898085861, "power_t": 0.1262006352066918}, "budget": 0, "origin": null}
{"cpu_time": 1.385575294494629, "wallclock_time": 1.8856945037841797, "evaluations": 6, "cost": 1.026, "incumbent": {"alpha": 2.4269136750562366, "batch_size": 201, "hidden_layer_sizes": 191, "learning_rate_init": 0.0031440600431725855, "momentum": 0.0897954353964695, "power_t": 0.12398355029094081}, "budget": 0, "origin": "Random Search (sorted)"}
{"cpu_time": 1.6350529193878174, "wallclock_time": 2.13836407661438, "evaluations": 7, "cost": 1.0183, "incumbent": {"alpha": 6.043985350455879, "batch_size": 27, "hidden_layer_sizes": 166, "learning_rate_init": 0.0022933011658917545, "momentum": 0.4158093024661122, "power_t": 0.2294716966761081}, "budget": 0, "origin": "Random Search"}
{"cpu_time": 2.315429210662842, "wallclock_time": 3.377875804901123, "evaluations": 9, "cost": 0.9454, "incumbent": {"alpha": 2.0125798146368705, "batch_size": 12, "hidden_layer_sizes": 187, "learning_rate_init": 0.0018539239739039687, "momentum": 0.4842120710929133, "power_t": 0.11482692685032328}, "budget": 0, "origin": "Local Search"}
{"cpu_time": 2.8940298557281494, "wallclock_time": 3.9716761112213135, "evaluations": 11, "cost": 0.9194, "incumbent": {"alpha": 1.3101821421561564, "batch_size": 122, "hidden_layer_sizes": 62, "learning_rate_init": 0.015790738408289845, "momentum": 0.73016167761331, "power_t": 0.10214084551556417}, "budget": 0, "origin": "Random Search"}
{"cpu_time": 5.261188268661499, "wallclock_time": 13.459523439407349, "evaluations": 24, "cost": 0.9138, "incumbent": {"alpha": 0.0842804599919051, "batch_size": 45, "hidden_layer_sizes": 66, "learning_rate_init": 0.014829492854891883, "momentum": 0.8161816847477558, "power_t": 0.10345961233714002}, "budget": 0, "origin": "Local Search"}
