{"cpu_time": 0.0, "wallclock_time": 3.4809112548828125e-05, "evaluations": 0, "cost": 2147483648.0, "incumbent": {"max_depth": 7, "max_features": 0.2738450598230169, "min_impurity_decrease": 5.718740867244332e-05, "min_samples_leaf": 0.032434060996912296, "min_samples_split": 0.019627781772875195, "min_weight_fraction_leaf": 0.014324198507350686}, "budget": 0, "origin": "Initial design"}
{"cpu_time": 0.006924629211425781, "wallclock_time": 0.008619070053100586, "evaluations": 1, "cost": 1.0577, "incumbent": {"max_depth": 7, "max_features": 0.2738450598230169, "min_impurity_decrease": 5.718740867244332e-05, "min_samples_leaf": 0.032434060996912296, "min_samples_split": 0.019627781772875195, "min_weight_fraction_leaf": 0.014324198507350686}, "budget": 0, "origin": "Initial design"}
{"cpu_time": 0.012319564819335938, "wallclock_time": 0.015554666519165039, "evaluations": 2, "cost": 1.0134, "incumbent": {"max_depth": 4, "max_features": 0.04893427392638894, "min_impurity_decrease": 0.19838373711533497, "min_samples_leaf": 0.08141528203294193, "min_samples_split": 0.0686371633058269, "min_weight_fraction_leaf": 0.1439313217188278}, "budget": 0, "origin": "Initial design"}
{"cpu_time": 0.020464181900024414, "wallclock_time": 0.026107072830200195, "evaluations": 3, "cost": 0.9654, "incumbent": {"max_depth": 13, "max_features": 0.6099700944801846, "min_impurity_decrease": 0.042522105684888956, "min_samples_leaf": 0.011641534821384195, "min_samples_split": 0.021823256762090595, "min_weight_fraction_leaf": 0.3049530750495319}, "budget": 0, "origin": null}
{"cpu_time": 0.06548428535461426, "wallclock_time": 1.724928617477417, "evaluations": 10, "cost": 0.9574, "incumbent": {"max_depth": 5, "max_features": 0.04931319899450065, "min_impurity_decrease": 0.04716604117246298, "min_samples_leaf": 0.08795097983471828, "min_samples_split": 0.03640697948915567, "min_weight_fraction_leaf": 0.08597672444480672}, "budget": 0, "origin": "Random Search"}
