{"cpu_time": 0.0, "wallclock_time": 3.9577484130859375e-05, "evaluations": 0, "cost": 2147483648.0, "incumbent": {"C": 44.915238251379954, "gamma": 0.0005106787922598668, "tol": 0.0001457534876894738}, "budget": 0, "origin": "Initial design"}
{"cpu_time": 0.016865015029907227, "wallclock_time": 0.01840519905090332, "evaluations": 1, "cost": 1.0389, "incumbent": {"C": 44.915238251379954, "gamma": 0.0005106787922598668, "tol": 0.0001457534876894738}, "budget": 0, "origin": "Initial design"}
{"cpu_time": 0.03279829025268555, "wallclock_time": 0.03578376770019531, "evaluations": 2, "cost": 1.0385, "incumbent": {"C": 34.07868400892513, "gamma": 0.0007815323407349063, "tol": 0.038474444287036155}, "budget": 0, "origin": "Initial design"}
{"cpu_time": 0.05135655403137207, "wallclock_time": 0.056597232818603516, "evaluations": 3, "cost": 1.034, "incumbent": {"C": 88.5996778615875, "gamma": 0.00018988352381028522, "tol": 0.005070135988670236}, "budget": 0, "origin": null}
{"cpu_time": 0.06688213348388672, "wallclock_time": 0.07367062568664551, "evaluations": 4, "cost": 1.0146, "incumbent": {"C": 2.3809810087779435, "gamma": 0.00016115466367706287, "tol": 1.6064559195630014e-05}, "budget": 0, "origin": "Initial design"}
{"cpu_time": 0.11592912673950195, "wallclock_time": 0.9064311981201172, "evaluations": 7, "cost": 1.0146, "incumbent": {"C": 2.1436555309439465, "gamma": 0.000159343052802773, "tol": 1.1435011065552535e-05}, "budget": 0, "origin": "Random Search (sorted)"}
{"cpu_time": 0.13148188591003418, "wallclock_time": 0.9244358539581299, "evaluations": 8, "cost": 1.0142, "incumbent": {"C": 1.114064006400992, "gamma": 0.00010664867494892677, "tol": 2.5824576524517202e-05}, "budget": 0, "origin": "Random Search (sorted)"}
{"cpu_time": 0.16308116912841797, "wallclock_time": 1.3220367431640625, "evaluations": 10, "cost": 1.0142, "incumbent": {"C": 1.0942979334468725, "gamma": 0.00010598678168768891, "tol": 4.507079367085508e-05}, "budget": 0, "origin": "Local Search"}
{"cpu_time": 0.19468283653259277, "wallclock_time": 1.8646376132965088, "evaluations": 12, "cost": 1.0142, "incumbent": {"C": 1.046913500197571, "gamma": 0.00010231213117134526, "tol": 0.0004586819885665435}, "budget": 0, "origin": "Random Search (sorted)"}
{"cpu_time": 0.24253058433532715, "wallclock_time": 2.736281394958496, "evaluations": 15, "cost": 1.0142, "incumbent": {"C": 1.037087345379026, "gamma": 0.00010173918544276448, "tol": 0.0007527198388454487}, "budget": 0, "origin": "Local Search"}
{"cpu_time": 0.347836971282959, "wallclock_time": 4.294180870056152, "evaluations": 21, "cost": 1.0142, "incumbent": {"C": 1.0078081660256588, "gamma": 0.00010022450887824521, "tol": 0.0015364894197715576}, "budget": 0, "origin": "Local Search"}
{"cpu_time": 0.38178229331970215, "wallclock_time": 4.748120069503784, "evaluations": 23, "cost": 1.0138, "incumbent": {"C": 1.001080810225691, "gamma": 0.00015604604995086917, "tol": 0.018151410140531805}, "budget": 0, "origin": "Local Search"}
{"cpu_time": 0.41313862800598145, "wallclock_time": 5.3964619636535645, "evaluations": 25, "cost": 1.0138, "incumbent": {"C": 1.0008372428353718, "gamma": 0.00015704434988656675, "tol": 0.01948628979163428}, "budget": 0, "origin": "Local Search"}
