{"cpu_time": 0.0, "wallclock_time": 3.528594970703125e-05, "evaluations": 0, "cost": 2147483648.0, "incumbent": ["max_depth='15'", "max_features='0.12361635568470201'", "min_impurity_decrease='0.48634217998244217'", "min_samples_leaf='0.16150247806327767'", "min_samples_split='0.2468381021678784'", "min_weight_fraction_leaf='0.023186415725322512'"], "origin": "Initial design"}
{"cpu_time": 0.05238485336303711, "wallclock_time": 0.054075002670288086, "evaluations": 1, "cost": 1.0086, "incumbent": ["max_depth='15'", "max_features='0.12361635568470201'", "min_impurity_decrease='0.48634217998244217'", "min_samples_leaf='0.16150247806327767'", "min_samples_split='0.2468381021678784'", "min_weight_fraction_leaf='0.023186415725322512'"], "origin": "Initial design"}
{"cpu_time": 0.10363435745239258, "wallclock_time": 0.10706520080566406, "evaluations": 2, "cost": 0.9867, "incumbent": ["max_depth='15'", "max_features='0.010290425114510175'", "min_impurity_decrease='0.12649118119172198'", "min_samples_leaf='0.054310392782503124'", "min_samples_split='0.3592228786637863'", "min_weight_fraction_leaf='0.021583731917407766'"], "origin": "Initial design"}
{"cpu_time": 0.2205977439880371, "wallclock_time": 0.2287142276763916, "evaluations": 4, "cost": 0.8277, "incumbent": ["max_depth='13'", "max_features='0.9172949482616565'", "min_impurity_decrease='0.08192112070234936'", "min_samples_leaf='0.10223779880806912'", "min_samples_split='0.010421565748011563'", "min_weight_fraction_leaf='0.04501748894332789'"], "origin": "Initial design"}
{"cpu_time": 0.39701366424560547, "wallclock_time": 1.4836115837097168, "evaluations": 7, "cost": 0.7363, "incumbent": ["max_depth='8'", "max_features='0.9552758885009507'", "min_impurity_decrease='0.022889358119672257'", "min_samples_leaf='0.05623895071485515'", "min_samples_split='0.011866392964039279'", "min_weight_fraction_leaf='0.07927227527066753'"], "origin": "Local Search"}
{"cpu_time": 0.7686786651611328, "wallclock_time": 4.358833074569702, "evaluations": 13, "cost": 0.7271, "incumbent": ["max_depth='8'", "max_features='0.9687582745010332'", "min_impurity_decrease='0.020604880680550317'", "min_samples_leaf='0.053584451794412846'", "min_samples_split='0.011744108830750518'", "min_weight_fraction_leaf='0.041686547609833896'"], "origin": "Local Search"}
{"cpu_time": 0.8467321395874023, "wallclock_time": 4.44150185585022, "evaluations": 14, "cost": 0.6197, "incumbent": ["max_depth='8'", "max_features='0.9618583783370277'", "min_impurity_decrease='0.022875171716488236'", "min_samples_leaf='0.010452081303284158'", "min_samples_split='0.011999983690699772'", "min_weight_fraction_leaf='0.04345196754377697'"], "origin": "Local Search"}
{"cpu_time": 1.3744628429412842, "wallclock_time": 9.505856037139893, "evaluations": 22, "cost": 0.6194, "incumbent": ["max_depth='8'", "max_features='0.9590941308481994'", "min_impurity_decrease='0.011481790742145876'", "min_samples_leaf='0.010311952486215862'", "min_samples_split='0.06880144518037683'", "min_weight_fraction_leaf='0.04455102585738927'"], "origin": "Local Search"}
{"cpu_time": 1.9458696842193604, "wallclock_time": 15.335663795471191, "evaluations": 29, "cost": 0.6185, "incumbent": ["max_depth='10'", "max_features='0.9618583783370277'", "min_impurity_decrease='0.00977925661846234'", "min_samples_leaf='0.010452081303284158'", "min_samples_split='0.010988632871915283'", "min_weight_fraction_leaf='0.04445296172969757'"], "origin": "Local Search"}
{"cpu_time": 2.0241432189941406, "wallclock_time": 15.418492078781128, "evaluations": 30, "cost": 0.6158, "incumbent": ["max_depth='10'", "max_features='0.9590941308481994'", "min_impurity_decrease='0.00023276114457053063'", "min_samples_leaf='0.010435947975313074'", "min_samples_split='0.037944007221216644'", "min_weight_fraction_leaf='0.04451280221279134'"], "origin": "Local Search"}
