{"cpu_time": 0.0, "wallclock_time": 4.172325134277344e-05, "evaluations": 0, "cost": 2147483648.0, "incumbent": ["alpha='3.883695706453229'", "batch_size='237'", "hidden_layer_sizes='78'", "learning_rate_init='0.000868953200496221'", "momentum='0.002905446742026661'", "power_t='0.2022411350919729'"], "origin": "Initial design"}
{"cpu_time": 0.21089625358581543, "wallclock_time": 0.2130286693572998, "evaluations": 1, "cost": 1.1592, "incumbent": ["alpha='3.883695706453229'", "batch_size='237'", "hidden_layer_sizes='78'", "learning_rate_init='0.000868953200496221'", "momentum='0.002905446742026661'", "power_t='0.2022411350919729'"], "origin": "Initial design"}
{"cpu_time": 0.3712456226348877, "wallclock_time": 0.3756747245788574, "evaluations": 2, "cost": 1.0776, "incumbent": ["alpha='5.244489926659613e-05'", "batch_size='126'", "hidden_layer_sizes='155'", "learning_rate_init='0.0033958689528894794'", "momentum='0.11188740474257428'", "power_t='0.6036521056579498'"], "origin": "Initial design"}
{"cpu_time": 0.6707079410552979, "wallclock_time": 0.6781871318817139, "evaluations": 3, "cost": 0.9995, "incumbent": ["alpha='0.024807944140628875'", "batch_size='63'", "hidden_layer_sizes='124'", "learning_rate_init='0.01174802017475964'", "momentum='0.003187109691163522'", "power_t='0.3555428098245127'"], "origin": null}
{"cpu_time": 1.3469502925872803, "wallclock_time": 2.7475855350494385, "evaluations": 7, "cost": 0.9456, "incumbent": ["alpha='0.02358575057063272'", "batch_size='49'", "hidden_layer_sizes='122'", "learning_rate_init='0.04329940945440796'", "momentum='0.18329018623547186'", "power_t='0.3840308392047377'"], "origin": "Local Search"}
{"cpu_time": 2.0022315979003906, "wallclock_time": 4.148550987243652, "evaluations": 9, "cost": 0.9238, "incumbent": ["alpha='1.8063513851427645e-05'", "batch_size='37'", "hidden_layer_sizes='167'", "learning_rate_init='0.09649454410046966'", "momentum='0.331670338196862'", "power_t='0.6101017752495033'"], "origin": "Random Search (sorted)"}
{"cpu_time": 3.7523064613342285, "wallclock_time": 9.16682744026184, "evaluations": 15, "cost": 0.9181, "incumbent": ["alpha='1.2138950972854977e-05'", "batch_size='49'", "hidden_layer_sizes='169'", "learning_rate_init='0.09529108280504855'", "momentum='0.3792935827270263'", "power_t='0.8664004079216548'"], "origin": "Local Search"}
{"cpu_time": 5.057617425918579, "wallclock_time": 17.72040367126465, "evaluations": 24, "cost": 0.9179, "incumbent": ["alpha='1.609455455599976e-05'", "batch_size='49'", "hidden_layer_sizes='169'", "learning_rate_init='0.09647121277763937'", "momentum='0.3792935827270263'", "power_t='0.8664004079216548'"], "origin": "Local Search"}
