{"cpu_time": 0.0, "wallclock_time": 3.504753112792969e-05, "evaluations": 0, "cost": 2147483648.0, "incumbent": ["max_depth='15'", "max_features='0.12361635568470201'", "min_impurity_decrease='0.48634217998244217'", "min_samples_leaf='0.16150247806327767'", "min_samples_split='0.2468381021678784'", "min_weight_fraction_leaf='0.023186415725322512'"], "origin": "Initial design"}
{"cpu_time": 0.05087709426879883, "wallclock_time": 0.05256462097167969, "evaluations": 1, "cost": 1.0115, "incumbent": ["max_depth='15'", "max_features='0.12361635568470201'", "min_impurity_decrease='0.48634217998244217'", "min_samples_leaf='0.16150247806327767'", "min_samples_split='0.2468381021678784'", "min_weight_fraction_leaf='0.023186415725322512'"], "origin": "Initial design"}
{"cpu_time": 0.16946768760681152, "wallclock_time": 0.17584538459777832, "evaluations": 3, "cost": 0.8952, "incumbent": ["max_depth='13'", "max_features='0.9172949482616565'", "min_impurity_decrease='0.08192112070234936'", "min_samples_leaf='0.10223779880806912'", "min_samples_split='0.010421565748011563'", "min_weight_fraction_leaf='0.04501748894332789'"], "origin": "Initial design"}
{"cpu_time": 0.8478679656982422, "wallclock_time": 6.666395425796509, "evaluations": 14, "cost": 0.894, "incumbent": ["max_depth='13'", "max_features='0.9172209836377028'", "min_impurity_decrease='0.08192112070234936'", "min_samples_leaf='0.11640593468733218'", "min_samples_split='0.010421565748011563'", "min_weight_fraction_leaf='0.04687363609447427'"], "origin": "Local Search"}
{"cpu_time": 0.9096050262451172, "wallclock_time": 6.731544256210327, "evaluations": 15, "cost": 0.8845, "incumbent": ["max_depth='13'", "max_features='0.9332285958995303'", "min_impurity_decrease='0.08407281016337467'", "min_samples_leaf='0.09248164901421056'", "min_samples_split='0.010430920518435367'", "min_weight_fraction_leaf='0.1161802377257587'"], "origin": "Local Search"}
{"cpu_time": 1.0222654342651367, "wallclock_time": 7.49766206741333, "evaluations": 17, "cost": 0.8792, "incumbent": ["max_depth='15'", "max_features='0.9172209836377028'", "min_impurity_decrease='0.08837609412975203'", "min_samples_leaf='0.0692853258530039'", "min_samples_split='0.010430323007810558'", "min_weight_fraction_leaf='0.06352729433309456'"], "origin": "Local Search"}
{"cpu_time": 1.4380643367767334, "wallclock_time": 11.91133713722229, "evaluations": 24, "cost": 0.8786, "incumbent": ["max_depth='15'", "max_features='0.9172209836377028'", "min_impurity_decrease='0.08837609412975203'", "min_samples_leaf='0.06648044086635811'", "min_samples_split='0.010430323007810558'", "min_weight_fraction_leaf='0.053365770105641544'"], "origin": "Local Search"}
{"cpu_time": 1.5097589492797852, "wallclock_time": 11.9871187210083, "evaluations": 25, "cost": 0.8141, "incumbent": ["max_depth='15'", "max_features='0.8748976970185847'", "min_impurity_decrease='0.0019772769222989317'", "min_samples_leaf='0.04201180817661848'", "min_samples_split='0.023590124124064447'", "min_weight_fraction_leaf='0.031049380535880817'"], "origin": "Random Search"}
