{"cpu_time": 0.0, "wallclock_time": 5.3882598876953125e-05, "evaluations": 0, "cost": 2147483648.0, "incumbent": {"C": 44.30375245218264, "gamma": 0.0005190263017695166, "tol": 0.0025766385746135885}, "budget": 0, "origin": "Initial design"}
{"cpu_time": 0.01755809783935547, "wallclock_time": 0.01912403106689453, "evaluations": 1, "cost": 0.9186, "incumbent": {"C": 44.30375245218264, "gamma": 0.0005190263017695166, "tol": 0.0025766385746135885}, "budget": 0, "origin": "Initial design"}
{"cpu_time": 0.05266118049621582, "wallclock_time": 0.05808877944946289, "evaluations": 3, "cost": 0.9134, "incumbent": {"C": 20.54762512591133, "gamma": 0.000779422611516095, "tol": 0.07155682161754867}, "budget": 0, "origin": "Initial design"}
{"cpu_time": 0.25600695610046387, "wallclock_time": 3.579497814178467, "evaluations": 15, "cost": 0.9094, "incumbent": {"C": 20.544015283960235, "gamma": 0.0007914780432288601, "tol": 0.034576316620455336}, "budget": 0, "origin": "Local Search"}
