{"cpu_time": 0.0, "wallclock_time": 4.076957702636719e-05, "evaluations": 0, "cost": 2147483648.0, "incumbent": {"C": 17.826497151386942, "gamma": 0.000525199729142797, "tol": 1.0010539860510485e-05}, "budget": 0, "origin": "Initial design"}
{"cpu_time": 0.01635289192199707, "wallclock_time": 0.017901897430419922, "evaluations": 1, "cost": 1.0233, "incumbent": {"C": 17.826497151386942, "gamma": 0.000525199729142797, "tol": 1.0010539860510485e-05}, "budget": 0, "origin": "Initial design"}
{"cpu_time": 0.031935691833496094, "wallclock_time": 0.034956932067871094, "evaluations": 2, "cost": 1.0173, "incumbent": {"C": 8.072307884499754, "gamma": 0.0001402025429555412, "tol": 2.340746480576752e-05}, "budget": 0, "origin": "Initial design"}
{"cpu_time": 0.06546425819396973, "wallclock_time": 0.07242751121520996, "evaluations": 4, "cost": 1.0164, "incumbent": {"C": 3.620600725744739, "gamma": 0.0002215953929680393, "tol": 0.00038642916535526494}, "budget": 0, "origin": "Initial design"}
{"cpu_time": 0.11390519142150879, "wallclock_time": 0.6097192764282227, "evaluations": 7, "cost": 1.0157, "incumbent": {"C": 3.2160393671648384, "gamma": 0.00020096872590431844, "tol": 0.0006149899184222935}, "budget": 0, "origin": "Random Search (sorted)"}
{"cpu_time": 0.12968206405639648, "wallclock_time": 0.6276295185089111, "evaluations": 8, "cost": 1.0139, "incumbent": {"C": 1.1227598059975232, "gamma": 0.00010901053268898715, "tol": 0.020204391166283878}, "budget": 0, "origin": "Random Search (sorted)"}
{"cpu_time": 0.16506671905517578, "wallclock_time": 1.0602071285247803, "evaluations": 10, "cost": 1.0139, "incumbent": {"C": 1.1695307327089213, "gamma": 0.00010573971838784337, "tol": 0.020630010464588528}, "budget": 0, "origin": "Local Search"}
{"cpu_time": 0.22858166694641113, "wallclock_time": 2.024677038192749, "evaluations": 14, "cost": 1.0135, "incumbent": {"C": 1.0980997405147854, "gamma": 0.0001049564776068003, "tol": 0.035006608567205263}, "budget": 0, "origin": "Random Search (sorted)"}
{"cpu_time": 0.35089969635009766, "wallclock_time": 3.9781675338745117, "evaluations": 21, "cost": 0.9046, "incumbent": {"C": 718.3678671767564, "gamma": 0.0008696411442948402, "tol": 0.002940246494306972}, "budget": 0, "origin": "Random Search"}
{"cpu_time": 0.3999793529510498, "wallclock_time": 4.901026248931885, "evaluations": 23, "cost": 0.9026, "incumbent": {"C": 799.6183924852193, "gamma": 0.0008290342825049249, "tol": 1.5291292129705253e-05}, "budget": 0, "origin": "Random Search (sorted)"}
{"cpu_time": 0.46619319915771484, "wallclock_time": 5.563821792602539, "evaluations": 25, "cost": 0.8669, "incumbent": {"C": 965.2897224118682, "gamma": 0.0008344454095953385, "tol": 1.0063418283150068e-05}, "budget": 0, "origin": "Random Search (sorted)"}
{"cpu_time": 0.5888159275054932, "wallclock_time": 6.147193193435669, "evaluations": 30, "cost": 0.8388, "incumbent": {"C": 990.6579848687036, "gamma": 0.0008804159291948798, "tol": 1.0495221268978619e-05}, "budget": 0, "origin": "Local Search"}
