{"cpu_time": 0.0, "wallclock_time": 4.100799560546875e-05, "evaluations": 0, "cost": 2147483648.0, "incumbent": {"learning_rate": 4.60030680449031, "n_estimators": 100}, "budget": 0, "origin": "Initial design"}
{"cpu_time": 0.47847747802734375, "wallclock_time": 0.5928213596343994, "evaluations": 1, "cost": 2.5694, "incumbent": {"learning_rate": 4.60030680449031, "n_estimators": 100}, "budget": 0, "origin": "Initial design"}
{"cpu_time": 0.8291378021240234, "wallclock_time": 0.9472029209136963, "evaluations": 3, "cost": 0.9179, "incumbent": {"learning_rate": 0.00961398934516561, "n_estimators": 31}, "budget": 0, "origin": "Initial design"}
{"cpu_time": 1.4648842811584473, "wallclock_time": 1.5846681594848633, "evaluations": 4, "cost": 0.7601, "incumbent": {"learning_rate": 1.7043335115909477, "n_estimators": 94}, "budget": 0, "origin": null}
{"cpu_time": 4.445722579956055, "wallclock_time": 5.9645836353302, "evaluations": 10, "cost": 0.7565, "incumbent": {"learning_rate": 1.232249159904608, "n_estimators": 94}, "budget": 0, "origin": "Random Search (sorted)"}
{"cpu_time": 5.086823225021362, "wallclock_time": 6.608206510543823, "evaluations": 11, "cost": 0.7534, "incumbent": {"learning_rate": 1.4005274374716747, "n_estimators": 94}, "budget": 0, "origin": "Random Search (sorted)"}
{"cpu_time": 6.018677234649658, "wallclock_time": 7.893563747406006, "evaluations": 13, "cost": 0.7476, "incumbent": {"learning_rate": 1.4068530874806005, "n_estimators": 88}, "budget": 0, "origin": "Local Search"}
