{"cpu_time": 0.0, "wallclock_time": 3.981590270996094e-05, "evaluations": 0, "cost": 2147483648.0, "incumbent": ["C='44.915238251379954'", "gamma='0.0005106787922598668'", "tol='0.0001457534876894738'"], "origin": "Initial design"}
{"cpu_time": 0.017789363861083984, "wallclock_time": 0.01931166648864746, "evaluations": 1, "cost": 0.9188, "incumbent": ["C='44.915238251379954'", "gamma='0.0005106787922598668'", "tol='0.0001457534876894738'"], "origin": "Initial design"}
{"cpu_time": 0.1253969669342041, "wallclock_time": 1.1920039653778076, "evaluations": 7, "cost": 0.9175, "incumbent": ["C='45.49941374101312'", "gamma='0.0006195006059979053'", "tol='0.0001926752659388761'"], "origin": "Local Search"}
{"cpu_time": 0.14261651039123535, "wallclock_time": 1.2112302780151367, "evaluations": 8, "cost": 0.9153, "incumbent": ["C='88.5996778615875'", "gamma='0.00018988352381028522'", "tol='0.005070135988670236'"], "origin": null}
{"cpu_time": 0.31827235221862793, "wallclock_time": 5.289812326431274, "evaluations": 18, "cost": 0.9151, "incumbent": ["C='86.81857091397623'", "gamma='0.00019150766966193945'", "tol='0.005316072910388906'"], "origin": "Local Search"}
{"cpu_time": 0.33481621742248535, "wallclock_time": 5.309598922729492, "evaluations": 19, "cost": 0.915, "incumbent": ["C='86.79942697134936'", "gamma='0.00018839675086877665'", "tol='0.005516831614720091'"], "origin": "Local Search"}
{"cpu_time": 0.41401243209838867, "wallclock_time": 6.882220506668091, "evaluations": 23, "cost": 0.9139, "incumbent": ["C='86.70041824567498'", "gamma='0.0001884092510103912'", "tol='0.021020549827083842'"], "origin": "Local Search"}
