{"cpu_time": 0.0, "wallclock_time": 5.364418029785156e-05, "evaluations": 0, "cost": 2147483648.0, "incumbent": {"C": 44.30375245218264, "gamma": 0.0005190263017695166, "tol": 0.0025766385746135885}, "budget": 0, "origin": "Initial design"}
{"cpu_time": 0.020457029342651367, "wallclock_time": 0.02224874496459961, "evaluations": 1, "cost": 1.0387, "incumbent": {"C": 44.30375245218264, "gamma": 0.0005190263017695166, "tol": 0.0025766385746135885}, "budget": 0, "origin": "Initial design"}
{"cpu_time": 0.04030108451843262, "wallclock_time": 0.04377388954162598, "evaluations": 2, "cost": 1.0249, "incumbent": {"C": 43.11710058685489, "gamma": 0.0002652496376759477, "tol": 0.0038333321561566627}, "budget": 0, "origin": "Initial design"}
{"cpu_time": 0.10407662391662598, "wallclock_time": 0.11419892311096191, "evaluations": 5, "cost": 1.0232, "incumbent": {"C": 14.135935551752295, "gamma": 0.0006190490166774184, "tol": 0.001304907355036239}, "budget": 0, "origin": "Initial design"}
{"cpu_time": 0.12679767608642578, "wallclock_time": 0.5244085788726807, "evaluations": 6, "cost": 1.0147, "incumbent": {"C": 1.4990945477997468, "gamma": 0.00029876928501659073, "tol": 0.0006095508966367168}, "budget": 0, "origin": "Random Search (sorted)"}
{"cpu_time": 0.2079927921295166, "wallclock_time": 2.066727638244629, "evaluations": 10, "cost": 1.0147, "incumbent": {"C": 1.663149134236943, "gamma": 0.00024270455515199333, "tol": 0.0010414634832026867}, "budget": 0, "origin": "Random Search (sorted)"}
{"cpu_time": 0.22746992111206055, "wallclock_time": 2.089467763900757, "evaluations": 11, "cost": 1.0146, "incumbent": {"C": 1.4577508176530356, "gamma": 0.00024335791675658951, "tol": 0.0012315979789575507}, "budget": 0, "origin": "Random Search (sorted)"}
{"cpu_time": 0.24679040908813477, "wallclock_time": 2.1116158962249756, "evaluations": 12, "cost": 1.0146, "incumbent": {"C": 1.3612927884918262, "gamma": 0.0002446727136068944, "tol": 0.0005746276779472233}, "budget": 0, "origin": "Local Search"}
{"cpu_time": 0.2818775177001953, "wallclock_time": 2.5886881351470947, "evaluations": 14, "cost": 1.0145, "incumbent": {"C": 1.1723798987618832, "gamma": 0.0002694936987584061, "tol": 0.001082940292266991}, "budget": 0, "origin": "Random Search (sorted)"}
{"cpu_time": 0.3651292324066162, "wallclock_time": 4.0000975131988525, "evaluations": 19, "cost": 1.0142, "incumbent": {"C": 1.1725744230692963, "gamma": 0.0001581498390561651, "tol": 0.0020758552353347423}, "budget": 0, "origin": "Random Search (sorted)"}
{"cpu_time": 0.42928385734558105, "wallclock_time": 5.144299745559692, "evaluations": 23, "cost": 1.0141, "incumbent": {"C": 1.2153605554273128, "gamma": 0.00015679706181281566, "tol": 0.002073071726461533}, "budget": 0, "origin": "Local Search"}
