{"cpu_time": 0.0, "wallclock_time": 3.600120544433594e-05, "evaluations": 0, "cost": 2147483648.0, "incumbent": {"alpha": 1.095706562156234, "batch_size": 39, "hidden_layer_sizes": 61, "learning_rate_init": 0.001893412804339247, "momentum": 0.0011382453367174076, "power_t": 0.2612540818644053}, "budget": 0, "origin": "Initial design"}
{"cpu_time": 0.2608163356781006, "wallclock_time": 0.26239514350891113, "evaluations": 1, "cost": 1.2968, "incumbent": {"alpha": 1.095706562156234, "batch_size": 39, "hidden_layer_sizes": 61, "learning_rate_init": 0.001893412804339247, "momentum": 0.0011382453367174076, "power_t": 0.2612540818644053}, "budget": 0, "origin": "Initial design"}
{"cpu_time": 0.5401253700256348, "wallclock_time": 0.5435500144958496, "evaluations": 2, "cost": 1.2736, "incumbent": {"alpha": 0.0003071353348302487, "batch_size": 32, "hidden_layer_sizes": 56, "learning_rate_init": 0.006015816920825813, "momentum": 0.022872834873117268, "power_t": 0.13763166731084675}, "budget": 0, "origin": "Initial design"}
{"cpu_time": 0.709632158279419, "wallclock_time": 0.7161839008331299, "evaluations": 3, "cost": 1.04, "incumbent": {"alpha": 0.8043116425855964, "batch_size": 72, "hidden_layer_sizes": 164, "learning_rate_init": 0.03734740413372437, "momentum": 0.001153013936524833, "power_t": 0.4847846230630253}, "budget": 0, "origin": null}
{"cpu_time": 1.1650781631469727, "wallclock_time": 1.6398348808288574, "evaluations": 6, "cost": 1.0234, "incumbent": {"alpha": 0.08773991277871253, "batch_size": 163, "hidden_layer_sizes": 181, "learning_rate_init": 0.03892947129624018, "momentum": 0.0016199941445057932, "power_t": 0.47035418732465306}, "budget": 0, "origin": "Random Search (sorted)"}
{"cpu_time": 3.3554303646087646, "wallclock_time": 12.514984846115112, "evaluations": 21, "cost": 1.0231, "incumbent": {"alpha": 0.08754965790771516, "batch_size": 207, "hidden_layer_sizes": 181, "learning_rate_init": 0.04208534941851362, "momentum": 0.001620576309072461, "power_t": 0.7153742000105336}, "budget": 0, "origin": "Local Search"}
{"cpu_time": 3.813033103942871, "wallclock_time": 15.503464460372925, "evaluations": 27, "cost": 1.0225, "incumbent": {"alpha": 0.08754965790771516, "batch_size": 193, "hidden_layer_sizes": 181, "learning_rate_init": 0.049010880634785196, "momentum": 0.001620576309072461, "power_t": 0.8255703689668071}, "budget": 0, "origin": "Local Search"}
{"cpu_time": 4.03330659866333, "wallclock_time": 17.17120862007141, "evaluations": 30, "cost": 1.0211, "incumbent": {"alpha": 0.08623100997267631, "batch_size": 250, "hidden_layer_sizes": 181, "learning_rate_init": 0.06812075822030074, "momentum": 0.0011488726673482292, "power_t": 0.8648135188910455}, "budget": 0, "origin": "Local Search"}
