{"cpu_time": 0.0, "wallclock_time": 3.457069396972656e-05, "evaluations": 0, "cost": 2147483648.0, "incumbent": ["max_depth='7'", "max_features='0.011265210225126335'", "min_impurity_decrease='0.27483123893935457'", "min_samples_leaf='0.05442271472521289'", "min_samples_split='0.06900821287746466'", "min_weight_fraction_leaf='0.03616851013722821'"], "origin": "Initial design"}
{"cpu_time": 0.050913095474243164, "wallclock_time": 0.05258345603942871, "evaluations": 1, "cost": 1.0115, "incumbent": ["max_depth='7'", "max_features='0.011265210225126335'", "min_impurity_decrease='0.27483123893935457'", "min_samples_leaf='0.05442271472521289'", "min_samples_split='0.06900821287746466'", "min_weight_fraction_leaf='0.03616851013722821'"], "origin": "Initial design"}
{"cpu_time": 0.10299801826477051, "wallclock_time": 0.10644125938415527, "evaluations": 2, "cost": 0.9859, "incumbent": ["max_depth='4'", "max_features='0.1721230112852961'", "min_impurity_decrease='0.14982733683726157'", "min_samples_leaf='0.028248176259675867'", "min_samples_split='0.17360272472826838'", "min_weight_fraction_leaf='0.0784068296218743'"], "origin": "Initial design"}
{"cpu_time": 0.1555025577545166, "wallclock_time": 0.16160917282104492, "evaluations": 3, "cost": 0.9704, "incumbent": ["max_depth='3'", "max_features='0.15519793585483974'", "min_impurity_decrease='0.11300600030211794'", "min_samples_leaf='0.015162093706799586'", "min_samples_split='0.027520151502054023'", "min_weight_fraction_leaf='0.0390188994403273'"], "origin": null}
{"cpu_time": 0.36296772956848145, "wallclock_time": 1.460768699645996, "evaluations": 7, "cost": 0.9454, "incumbent": ["max_depth='4'", "max_features='0.41144708111504336'", "min_impurity_decrease='0.0002958486289379447'", "min_samples_leaf='0.015195065809004905'", "min_samples_split='0.5682283289182761'", "min_weight_fraction_leaf='0.24543085844351423'"], "origin": "Random Search (sorted)"}
{"cpu_time": 0.5679852962493896, "wallclock_time": 2.936457872390747, "evaluations": 11, "cost": 0.8828, "incumbent": ["max_depth='3'", "max_features='0.08520316614134232'", "min_impurity_decrease='0.00017129631828228945'", "min_samples_leaf='0.016269006846199977'", "min_samples_split='0.02500800597824251'", "min_weight_fraction_leaf='0.014843931880935883'"], "origin": "Local Search"}
{"cpu_time": 0.6252777576446533, "wallclock_time": 2.997035503387451, "evaluations": 12, "cost": 0.8597, "incumbent": ["max_depth='2'", "max_features='0.29158201826341396'", "min_impurity_decrease='0.0001862519735470362'", "min_samples_leaf='0.0237428189508571'", "min_samples_split='0.04099767247726244'", "min_weight_fraction_leaf='0.03832509974857649'"], "origin": "Local Search"}
{"cpu_time": 0.9481792449951172, "wallclock_time": 5.977363348007202, "evaluations": 18, "cost": 0.793, "incumbent": ["max_depth='8'", "max_features='0.3067587184546442'", "min_impurity_decrease='0.00017129631828228945'", "min_samples_leaf='0.016269006846199977'", "min_samples_split='0.04347902820456498'", "min_weight_fraction_leaf='0.013685185414295793'"], "origin": "Local Search"}
{"cpu_time": 1.0069737434387207, "wallclock_time": 6.039828538894653, "evaluations": 19, "cost": 0.7837, "incumbent": ["max_depth='5'", "max_features='0.3079836442545248'", "min_impurity_decrease='0.0001862519735470362'", "min_samples_leaf='0.021796317044715477'", "min_samples_split='0.04220591742106937'", "min_weight_fraction_leaf='0.05824485411880923'"], "origin": "Local Search"}
{"cpu_time": 1.1187381744384766, "wallclock_time": 6.78793740272522, "evaluations": 21, "cost": 0.7787, "incumbent": ["max_depth='5'", "max_features='0.38955647002049265'", "min_impurity_decrease='0.0001862519735470362'", "min_samples_leaf='0.01826833983685901'", "min_samples_split='0.04266996457953655'", "min_weight_fraction_leaf='0.02380333577279025'"], "origin": "Local Search"}
{"cpu_time": 1.5835239887237549, "wallclock_time": 10.357641220092773, "evaluations": 29, "cost": 0.7711, "incumbent": ["max_depth='5'", "max_features='0.32032941676917315'", "min_impurity_decrease='0.0001862519735470362'", "min_samples_leaf='0.019879695313829483'", "min_samples_split='0.07207456329336977'", "min_weight_fraction_leaf='0.02507262659281981'"], "origin": "Local Search"}
{"cpu_time": 1.6407935619354248, "wallclock_time": 10.418904304504395, "evaluations": 30, "cost": 0.7624, "incumbent": ["max_depth='5'", "max_features='0.32034518799130546'", "min_impurity_decrease='0.0001862519735470362'", "min_samples_leaf='0.019893910572845'", "min_samples_split='0.09059905853765322'", "min_weight_fraction_leaf='0.019562803177709226'"], "origin": "Local Search"}
