{"cpu_time": 0.0, "wallclock_time": 3.504753112792969e-05, "evaluations": 0, "cost": 2147483648.0, "incumbent": {"max_depth": 9, "max_features": 0.258943323491781, "min_impurity_decrease": 0.14545236945647216, "min_samples_leaf": 0.07301276842154016, "min_samples_split": 0.6053358137165978, "min_weight_fraction_leaf": 0.32727366913738365}, "budget": 0, "origin": "Initial design"}
{"cpu_time": 0.051995277404785156, "wallclock_time": 0.0536038875579834, "evaluations": 1, "cost": 1.0133, "incumbent": {"max_depth": 9, "max_features": 0.258943323491781, "min_impurity_decrease": 0.14545236945647216, "min_samples_leaf": 0.07301276842154016, "min_samples_split": 0.6053358137165978, "min_weight_fraction_leaf": 0.32727366913738365}, "budget": 0, "origin": "Initial design"}
{"cpu_time": 0.10395359992980957, "wallclock_time": 0.10736322402954102, "evaluations": 2, "cost": 0.9013, "incumbent": {"max_depth": 3, "max_features": 0.02591678831290768, "min_impurity_decrease": 0.02573360165041494, "min_samples_leaf": 0.05559747519816745, "min_samples_split": 0.011471547768812092, "min_weight_fraction_leaf": 0.05917492621738135}, "budget": 0, "origin": "Initial design"}
{"cpu_time": 0.3142838478088379, "wallclock_time": 0.7873842716217041, "evaluations": 6, "cost": 0.8845, "incumbent": {"max_depth": 3, "max_features": 0.011019808665820651, "min_impurity_decrease": 0.014083548383111266, "min_samples_leaf": 0.0645576466634667, "min_samples_split": 0.010145523730705363, "min_weight_fraction_leaf": 0.09046330338762414}, "budget": 0, "origin": "Random Search (sorted)"}
{"cpu_time": 0.4240131378173828, "wallclock_time": 0.9103231430053711, "evaluations": 8, "cost": 0.8552, "incumbent": {"max_depth": 8, "max_features": 0.41310077319040583, "min_impurity_decrease": 0.04249973543846042, "min_samples_leaf": 0.03526969576358443, "min_samples_split": 0.16323793262423233, "min_weight_fraction_leaf": 0.024125980562486167}, "budget": 0, "origin": "Random Search"}
{"cpu_time": 0.5376074314117432, "wallclock_time": 1.7051081657409668, "evaluations": 10, "cost": 0.7962, "incumbent": {"max_depth": 9, "max_features": 0.5181033956832349, "min_impurity_decrease": 0.011984071155502374, "min_samples_leaf": 0.01074900581476523, "min_samples_split": 0.18252419993353022, "min_weight_fraction_leaf": 0.011027806097327}, "budget": 0, "origin": "Random Search (sorted)"}
{"cpu_time": 0.6935210227966309, "wallclock_time": 2.482785224914551, "evaluations": 13, "cost": 0.7959, "incumbent": {"max_depth": 14, "max_features": 0.02699106087902432, "min_impurity_decrease": 0.0050557454001348145, "min_samples_leaf": 0.010751943017664427, "min_samples_split": 0.05898356482857966, "min_weight_fraction_leaf": 0.011069505399559544}, "budget": 0, "origin": "Random Search (sorted)"}
{"cpu_time": 0.9633340835571289, "wallclock_time": 4.835187196731567, "evaluations": 18, "cost": 0.7913, "incumbent": {"max_depth": 15, "max_features": 0.3075523079830788, "min_impurity_decrease": 0.009045243334360822, "min_samples_leaf": 0.012166389973197952, "min_samples_split": 0.10857179665929956, "min_weight_fraction_leaf": 0.011049934669325665}, "budget": 0, "origin": "Local Search"}
{"cpu_time": 1.1856777667999268, "wallclock_time": 6.520238399505615, "evaluations": 22, "cost": 0.7249, "incumbent": {"max_depth": 15, "max_features": 0.21983300746103032, "min_impurity_decrease": 0.002017516209217323, "min_samples_leaf": 0.010776821447466738, "min_samples_split": 0.11043719127386283, "min_weight_fraction_leaf": 0.011070283564985227}, "budget": 0, "origin": "Local Search"}
