{"cpu_time": 0.0, "wallclock_time": 3.218650817871094e-05, "evaluations": 0, "cost": 2147483648.0, "incumbent": {"max_depth": 15, "max_features": 0.12361635568470201, "min_impurity_decrease": 0.48634217998244217, "min_samples_leaf": 0.16150247806327767, "min_samples_split": 0.2468381021678784, "min_weight_fraction_leaf": 0.023186415725322512}, "budget": 0, "origin": "Initial design"}
{"cpu_time": 0.0053713321685791016, "wallclock_time": 0.0069425106048583984, "evaluations": 1, "cost": 1.0122, "incumbent": {"max_depth": 15, "max_features": 0.12361635568470201, "min_impurity_decrease": 0.48634217998244217, "min_samples_leaf": 0.16150247806327767, "min_samples_split": 0.2468381021678784, "min_weight_fraction_leaf": 0.023186415725322512}, "budget": 0, "origin": "Initial design"}
