{"cpu_time": 0.0, "wallclock_time": 3.647804260253906e-05, "evaluations": 0, "cost": 2147483648.0, "incumbent": ["max_depth='15'", "max_features='0.12361635568470201'", "min_impurity_decrease='0.48634217998244217'", "min_samples_leaf='0.16150247806327767'", "min_samples_split='0.2468381021678784'", "min_weight_fraction_leaf='0.023186415725322512'"], "origin": "Initial design"}
{"cpu_time": 0.05076932907104492, "wallclock_time": 0.052420854568481445, "evaluations": 1, "cost": 1.011, "incumbent": ["max_depth='15'", "max_features='0.12361635568470201'", "min_impurity_decrease='0.48634217998244217'", "min_samples_leaf='0.16150247806327767'", "min_samples_split='0.2468381021678784'", "min_weight_fraction_leaf='0.023186415725322512'"], "origin": "Initial design"}
{"cpu_time": 0.10148310661315918, "wallclock_time": 0.10482406616210938, "evaluations": 2, "cost": 1.0083, "incumbent": ["max_depth='15'", "max_features='0.010290425114510175'", "min_impurity_decrease='0.12649118119172198'", "min_samples_leaf='0.054310392782503124'", "min_samples_split='0.3592228786637863'", "min_weight_fraction_leaf='0.021583731917407766'"], "origin": "Initial design"}
{"cpu_time": 0.2136366367340088, "wallclock_time": 0.22228360176086426, "evaluations": 4, "cost": 0.9065, "incumbent": ["max_depth='13'", "max_features='0.9172949482616565'", "min_impurity_decrease='0.08192112070234936'", "min_samples_leaf='0.10223779880806912'", "min_samples_split='0.010421565748011563'", "min_weight_fraction_leaf='0.04501748894332789'"], "origin": "Initial design"}
{"cpu_time": 0.3919219970703125, "wallclock_time": 1.3355486392974854, "evaluations": 7, "cost": 0.7575, "incumbent": ["max_depth='12'", "max_features='0.5693402154463791'", "min_impurity_decrease='0.00010809590657384627'", "min_samples_leaf='0.01645104548166403'", "min_samples_split='0.011440551226651403'", "min_weight_fraction_leaf='0.018261791975754203'"], "origin": "Random Search (sorted)"}
{"cpu_time": 0.794147253036499, "wallclock_time": 4.947669744491577, "evaluations": 13, "cost": 0.7212, "incumbent": ["max_depth='15'", "max_features='0.21183906232404476'", "min_impurity_decrease='0.00028831218065367294'", "min_samples_leaf='0.01641349092716372'", "min_samples_split='0.015133381606137754'", "min_weight_fraction_leaf='0.01648327063453659'"], "origin": "Local Search"}
