{"cpu_time": 0.0, "wallclock_time": 3.7670135498046875e-05, "evaluations": 0, "cost": 2147483648.0, "incumbent": ["max_depth='9'", "max_features='0.2674589099883767'", "min_impurity_decrease='0.30138168803582194'", "min_samples_leaf='0.08336032899551385'", "min_samples_split='0.07005843440570782'", "min_weight_fraction_leaf='0.1235058980795748'"], "origin": "Initial design"}
{"cpu_time": 0.05198931694030762, "wallclock_time": 0.05346369743347168, "evaluations": 1, "cost": 1.0115, "incumbent": ["max_depth='9'", "max_features='0.2674589099883767'", "min_impurity_decrease='0.30138168803582194'", "min_samples_leaf='0.08336032899551385'", "min_samples_split='0.07005843440570782'", "min_weight_fraction_leaf='0.1235058980795748'"], "origin": "Initial design"}
{"cpu_time": 0.16733264923095703, "wallclock_time": 0.17334628105163574, "evaluations": 3, "cost": 0.9278, "incumbent": ["max_depth='9'", "max_features='0.7033204209752383'", "min_impurity_decrease='0.03551802909894347'", "min_samples_leaf='0.01403671883581709'", "min_samples_split='0.01097358534178148'", "min_weight_fraction_leaf='0.25544111374655565'"], "origin": "Initial design"}
{"cpu_time": 0.44551610946655273, "wallclock_time": 2.027116060256958, "evaluations": 8, "cost": 0.924, "incumbent": ["max_depth='8'", "max_features='0.7438209976936174'", "min_impurity_decrease='0.03378028321291792'", "min_samples_leaf='0.015065503993455576'", "min_samples_split='0.01033346609817535'", "min_weight_fraction_leaf='0.2546187927192349'"], "origin": "Local Search"}
{"cpu_time": 0.6151704788208008, "wallclock_time": 2.8107926845550537, "evaluations": 11, "cost": 0.8888, "incumbent": ["max_depth='6'", "max_features='0.7027850139204626'", "min_impurity_decrease='0.033402644926467384'", "min_samples_leaf='0.015415409807741608'", "min_samples_split='0.010323511391477606'", "min_weight_fraction_leaf='0.2032372715886868'"], "origin": "Local Search"}
{"cpu_time": 0.6737968921661377, "wallclock_time": 2.8727095127105713, "evaluations": 12, "cost": 0.8882, "incumbent": ["max_depth='6'", "max_features='0.7055424437208885'", "min_impurity_decrease='0.02797097150944019'", "min_samples_leaf='0.01561319744518253'", "min_samples_split='0.010318062141913258'", "min_weight_fraction_leaf='0.23602184439074603'"], "origin": "Local Search"}
{"cpu_time": 0.7360401153564453, "wallclock_time": 2.9383280277252197, "evaluations": 13, "cost": 0.8416, "incumbent": ["max_depth='6'", "max_features='0.7350574134173408'", "min_impurity_decrease='0.03378028321291792'", "min_samples_leaf='0.017021184747839126'", "min_samples_split='0.01033346609817535'", "min_weight_fraction_leaf='0.15247313888263578'"], "origin": "Local Search"}
{"cpu_time": 1.098576545715332, "wallclock_time": 6.143822193145752, "evaluations": 19, "cost": 0.8396, "incumbent": ["max_depth='10'", "max_features='0.8547549342426266'", "min_impurity_decrease='0.013896865530618054'", "min_samples_leaf='0.018108351525174118'", "min_samples_split='0.021028378123189445'", "min_weight_fraction_leaf='0.15233403942701562'"], "origin": "Local Search"}
{"cpu_time": 1.221684455871582, "wallclock_time": 6.913281202316284, "evaluations": 21, "cost": 0.8395, "incumbent": ["max_depth='14'", "max_features='0.8366955239131934'", "min_impurity_decrease='0.009809818244244647'", "min_samples_leaf='0.014757906780629649'", "min_samples_split='0.01033346609817535'", "min_weight_fraction_leaf='0.15070377036246388'"], "origin": "Local Search"}
{"cpu_time": 1.287156105041504, "wallclock_time": 6.982742547988892, "evaluations": 22, "cost": 0.8382, "incumbent": ["max_depth='10'", "max_features='0.918840139851126'", "min_impurity_decrease='0.01198212599764659'", "min_samples_leaf='0.012875962534650894'", "min_samples_split='0.01033346609817535'", "min_weight_fraction_leaf='0.13163911035962933'"], "origin": "Local Search"}
{"cpu_time": 1.6514647006988525, "wallclock_time": 9.616880416870117, "evaluations": 28, "cost": 0.79, "incumbent": ["max_depth='13'", "max_features='0.912603191235132'", "min_impurity_decrease='0.013542805540046129'", "min_samples_leaf='0.012611563439465468'", "min_samples_split='0.012227595225624572'", "min_weight_fraction_leaf='0.06949620751839847'"], "origin": "Local Search"}
