{"cpu_time": 0.0, "wallclock_time": 3.5762786865234375e-05, "evaluations": 0, "cost": 2147483648.0, "incumbent": {"max_depth": 7, "max_features": 0.2738450598230169, "min_impurity_decrease": 5.718740867244332e-05, "min_samples_leaf": 0.032434060996912296, "min_samples_split": 0.019627781772875195, "min_weight_fraction_leaf": 0.014324198507350686}, "budget": 0, "origin": "Initial design"}
{"cpu_time": 0.006804704666137695, "wallclock_time": 0.008515357971191406, "evaluations": 1, "cost": 1.1388, "incumbent": {"max_depth": 7, "max_features": 0.2738450598230169, "min_impurity_decrease": 5.718740867244332e-05, "min_samples_leaf": 0.032434060996912296, "min_samples_split": 0.019627781772875195, "min_weight_fraction_leaf": 0.014324198507350686}, "budget": 0, "origin": "Initial design"}
{"cpu_time": 0.012257099151611328, "wallclock_time": 0.015562057495117188, "evaluations": 2, "cost": 1.0122, "incumbent": {"max_depth": 4, "max_features": 0.04893427392638894, "min_impurity_decrease": 0.19838373711533497, "min_samples_leaf": 0.08141528203294193, "min_samples_split": 0.0686371633058269, "min_weight_fraction_leaf": 0.1439313217188278}, "budget": 0, "origin": "Initial design"}
{"cpu_time": 0.027326107025146484, "wallclock_time": 0.03496837615966797, "evaluations": 4, "cost": 1.0038, "incumbent": {"max_depth": 4, "max_features": 0.5654602242121708, "min_impurity_decrease": 0.013693796598963082, "min_samples_leaf": 0.13590065737339338, "min_samples_split": 0.06804373593266175, "min_weight_fraction_leaf": 0.08796205318633589}, "budget": 0, "origin": "Initial design"}
{"cpu_time": 0.11111116409301758, "wallclock_time": 6.446330308914185, "evaluations": 16, "cost": 1.0017, "incumbent": {"max_depth": 3, "max_features": 0.2695506360400826, "min_impurity_decrease": 0.020752029850896685, "min_samples_leaf": 0.1411986343141175, "min_samples_split": 0.06795428346534978, "min_weight_fraction_leaf": 0.08722523875679913}, "budget": 0, "origin": "Local Search"}
{"cpu_time": 0.11760735511779785, "wallclock_time": 6.4561402797698975, "evaluations": 17, "cost": 0.9969, "incumbent": {"max_depth": 3, "max_features": 0.4876648241671045, "min_impurity_decrease": 0.007895795484213116, "min_samples_leaf": 0.14050392190364167, "min_samples_split": 0.06804373593266175, "min_weight_fraction_leaf": 0.08796205318633589}, "budget": 0, "origin": "Local Search"}
{"cpu_time": 0.16329026222229004, "wallclock_time": 10.297297239303589, "evaluations": 24, "cost": 0.9894, "incumbent": {"max_depth": 3, "max_features": 0.49175854231160115, "min_impurity_decrease": 0.016169010956646412, "min_samples_leaf": 0.1402363400868424, "min_samples_split": 0.06794136169523327, "min_weight_fraction_leaf": 0.08796205318633589}, "budget": 0, "origin": "Local Search"}
