{"cpu_time": 0.0, "wallclock_time": 3.528594970703125e-05, "evaluations": 0, "cost": 2147483648.0, "incumbent": ["max_depth='9'", "max_features='0.258943323491781'", "min_impurity_decrease='0.14545236945647216'", "min_samples_leaf='0.07301276842154016'", "min_samples_split='0.6053358137165978'", "min_weight_fraction_leaf='0.32727366913738365'"], "origin": "Initial design"}
{"cpu_time": 0.051827430725097656, "wallclock_time": 0.05344557762145996, "evaluations": 1, "cost": 1.0006, "incumbent": ["max_depth='9'", "max_features='0.258943323491781'", "min_impurity_decrease='0.14545236945647216'", "min_samples_leaf='0.07301276842154016'", "min_samples_split='0.6053358137165978'", "min_weight_fraction_leaf='0.32727366913738365'"], "origin": "Initial design"}
{"cpu_time": 0.10466814041137695, "wallclock_time": 0.10794329643249512, "evaluations": 2, "cost": 0.8684, "incumbent": ["max_depth='3'", "max_features='0.02591678831290768'", "min_impurity_decrease='0.02573360165041494'", "min_samples_leaf='0.05559747519816745'", "min_samples_split='0.011471547768812092'", "min_weight_fraction_leaf='0.05917492621738135'"], "origin": "Initial design"}
{"cpu_time": 0.3147280216217041, "wallclock_time": 0.7752149105072021, "evaluations": 6, "cost": 0.8249, "incumbent": ["max_depth='2'", "max_features='0.1557838623615596'", "min_impurity_decrease='0.01229784793096439'", "min_samples_leaf='0.03776559409243026'", "min_samples_split='0.0160165510016572'", "min_weight_fraction_leaf='0.04007526173774031'"], "origin": "Random Search (sorted)"}
{"cpu_time": 0.37363743782043457, "wallclock_time": 0.836918830871582, "evaluations": 7, "cost": 0.6506, "incumbent": ["max_depth='8'", "max_features='0.41310077319040583'", "min_impurity_decrease='0.04249973543846042'", "min_samples_leaf='0.03526969576358443'", "min_samples_split='0.16323793262423233'", "min_weight_fraction_leaf='0.024125980562486167'"], "origin": "Random Search"}
{"cpu_time": 0.4983513355255127, "wallclock_time": 1.5076894760131836, "evaluations": 9, "cost": 0.6309, "incumbent": ["max_depth='7'", "max_features='0.8010901335535929'", "min_impurity_decrease='0.004092788827534777'", "min_samples_leaf='0.03463085101877922'", "min_samples_split='0.025958566425714296'", "min_weight_fraction_leaf='0.013630741708675191'"], "origin": "Random Search (sorted)"}
{"cpu_time": 1.1472766399383545, "wallclock_time": 7.278958320617676, "evaluations": 19, "cost": 0.6227, "incumbent": ["max_depth='13'", "max_features='0.7929838492741369'", "min_impurity_decrease='0.0034065804819038005'", "min_samples_leaf='0.021925759950387022'", "min_samples_split='0.019992850790358375'", "min_weight_fraction_leaf='0.013067707225492367'"], "origin": "Local Search"}
{"cpu_time": 1.2961649894714355, "wallclock_time": 8.214415073394775, "evaluations": 21, "cost": 0.6117, "incumbent": ["max_depth='7'", "max_features='0.9106315977608891'", "min_impurity_decrease='0.0028801667818039254'", "min_samples_leaf='0.013195667092520035'", "min_samples_split='0.019556268166894302'", "min_weight_fraction_leaf='0.01135034357842264'"], "origin": "Local Search"}
{"cpu_time": 1.4513161182403564, "wallclock_time": 9.112295150756836, "evaluations": 23, "cost": 0.5785, "incumbent": ["max_depth='12'", "max_features='0.970185084666615'", "min_impurity_decrease='0.0009410093480385975'", "min_samples_leaf='0.013276231255819096'", "min_samples_split='0.023607763033125874'", "min_weight_fraction_leaf='0.019400380127033167'"], "origin": "Local Search"}
{"cpu_time": 1.533820390701294, "wallclock_time": 9.198851108551025, "evaluations": 24, "cost": 0.5775, "incumbent": ["max_depth='11'", "max_features='0.9617104249659455'", "min_impurity_decrease='0.0014092802139856232'", "min_samples_leaf='0.012890931579185992'", "min_samples_split='0.02141574735213029'", "min_weight_fraction_leaf='0.02065315607601756'"], "origin": "Local Search"}
