{"cpu_time": 0.0, "wallclock_time": 4.2438507080078125e-05, "evaluations": 0, "cost": 2147483648.0, "incumbent": ["max_depth='9'", "max_features='0.2674589099883767'", "min_impurity_decrease='0.30138168803582194'", "min_samples_leaf='0.08336032899551385'", "min_samples_split='0.07005843440570782'", "min_weight_fraction_leaf='0.1235058980795748'"], "origin": "Initial design"}
{"cpu_time": 0.0059511661529541016, "wallclock_time": 0.007706403732299805, "evaluations": 1, "cost": 1.0122, "incumbent": ["max_depth='9'", "max_features='0.2674589099883767'", "min_impurity_decrease='0.30138168803582194'", "min_samples_leaf='0.08336032899551385'", "min_samples_split='0.07005843440570782'", "min_weight_fraction_leaf='0.1235058980795748'"], "origin": "Initial design"}
{"cpu_time": 0.018965482711791992, "wallclock_time": 0.02489471435546875, "evaluations": 3, "cost": 0.982, "incumbent": ["max_depth='9'", "max_features='0.7033204209752383'", "min_impurity_decrease='0.03551802909894347'", "min_samples_leaf='0.01403671883581709'", "min_samples_split='0.01097358534178148'", "min_weight_fraction_leaf='0.25544111374655565'"], "origin": "Initial design"}
