{"cpu_time": 0.0, "wallclock_time": 3.337860107421875e-05, "evaluations": 0, "cost": 2147483648.0, "incumbent": ["max_depth='7'", "max_features='0.011265210225126335'", "min_impurity_decrease='0.27483123893935457'", "min_samples_leaf='0.05442271472521289'", "min_samples_split='0.06900821287746466'", "min_weight_fraction_leaf='0.03616851013722821'"], "origin": "Initial design"}
{"cpu_time": 0.005427837371826172, "wallclock_time": 0.0071179866790771484, "evaluations": 1, "cost": 1.0122, "incumbent": ["max_depth='7'", "max_features='0.011265210225126335'", "min_impurity_decrease='0.27483123893935457'", "min_samples_leaf='0.05442271472521289'", "min_samples_split='0.06900821287746466'", "min_weight_fraction_leaf='0.03616851013722821'"], "origin": "Initial design"}
