{"cpu_time": 0.0, "wallclock_time": 0.00018262863159179688, "evaluations": 0, "cost": 2147483648.0, "incumbent": ["max_depth='9'", "max_features='0.2674589099883767'", "min_impurity_decrease='0.30138168803582194'", "min_samples_leaf='0.08336032899551385'", "min_samples_split='0.07005843440570782'", "min_weight_fraction_leaf='0.1235058980795748'"], "origin": "Initial design"}
{"cpu_time": 0.05375933647155762, "wallclock_time": 0.05577445030212402, "evaluations": 1, "cost": 1.011, "incumbent": ["max_depth='9'", "max_features='0.2674589099883767'", "min_impurity_decrease='0.30138168803582194'", "min_samples_leaf='0.08336032899551385'", "min_samples_split='0.07005843440570782'", "min_weight_fraction_leaf='0.1235058980795748'"], "origin": "Initial design"}
{"cpu_time": 0.16557002067565918, "wallclock_time": 0.17147064208984375, "evaluations": 3, "cost": 0.9191, "incumbent": ["max_depth='9'", "max_features='0.7033204209752383'", "min_impurity_decrease='0.03551802909894347'", "min_samples_leaf='0.01403671883581709'", "min_samples_split='0.01097358534178148'", "min_weight_fraction_leaf='0.25544111374655565'"], "origin": "Initial design"}
{"cpu_time": 0.43464136123657227, "wallclock_time": 1.5171878337860107, "evaluations": 8, "cost": 0.8603, "incumbent": ["max_depth='9'", "max_features='0.36584884929799383'", "min_impurity_decrease='0.0775650265940141'", "min_samples_leaf='0.062090069016680204'", "min_samples_split='0.03398804973227565'", "min_weight_fraction_leaf='0.10121354666567482'"], "origin": "Random Search"}
{"cpu_time": 0.5019707679748535, "wallclock_time": 2.2329039573669434, "evaluations": 9, "cost": 0.8274, "incumbent": ["max_depth='9'", "max_features='0.6402283542501063'", "min_impurity_decrease='0.03139012230289445'", "min_samples_leaf='0.017098563795032388'", "min_samples_split='0.010348641874518292'", "min_weight_fraction_leaf='0.020170860644188722'"], "origin": "Random Search (sorted)"}
{"cpu_time": 1.0792243480682373, "wallclock_time": 6.985592842102051, "evaluations": 19, "cost": 0.7908, "incumbent": ["max_depth='9'", "max_features='0.6349084342421842'", "min_impurity_decrease='0.010385530423188887'", "min_samples_leaf='0.020228966395581194'", "min_samples_split='0.010348641874518292'", "min_weight_fraction_leaf='0.01134809993387817'"], "origin": "Local Search"}
{"cpu_time": 1.2151269912719727, "wallclock_time": 7.785685062408447, "evaluations": 21, "cost": 0.7834, "incumbent": ["max_depth='12'", "max_features='0.7271431784182083'", "min_impurity_decrease='0.013104165124705296'", "min_samples_leaf='0.034111885139323665'", "min_samples_split='0.010456767442517575'", "min_weight_fraction_leaf='0.010627683734547077'"], "origin": "Local Search"}
{"cpu_time": 1.484375238418579, "wallclock_time": 10.488446474075317, "evaluations": 25, "cost": 0.7343, "incumbent": ["max_depth='5'", "max_features='0.8063465056752348'", "min_impurity_decrease='0.0051331749584648135'", "min_samples_leaf='0.03452107905901839'", "min_samples_split='0.010456767442517575'", "min_weight_fraction_leaf='0.010428958575135785'"], "origin": "Local Search"}
