{"cpu_time": 0.0, "wallclock_time": 3.361701965332031e-05, "evaluations": 0, "cost": 2147483648.0, "incumbent": ["max_depth='15'", "max_features='0.12361635568470201'", "min_impurity_decrease='0.48634217998244217'", "min_samples_leaf='0.16150247806327767'", "min_samples_split='0.2468381021678784'", "min_weight_fraction_leaf='0.023186415725322512'"], "origin": "Initial design"}
{"cpu_time": 0.005332469940185547, "wallclock_time": 0.006963014602661133, "evaluations": 1, "cost": 1.0134, "incumbent": ["max_depth='15'", "max_features='0.12361635568470201'", "min_impurity_decrease='0.48634217998244217'", "min_samples_leaf='0.16150247806327767'", "min_samples_split='0.2468381021678784'", "min_weight_fraction_leaf='0.023186415725322512'"], "origin": "Initial design"}
{"cpu_time": 0.1475975513458252, "wallclock_time": 13.50160551071167, "evaluations": 24, "cost": 0.9871, "incumbent": ["max_depth='12'", "max_features='0.10213944900107126'", "min_impurity_decrease='0.040947304758236824'", "min_samples_leaf='0.1326335659077585'", "min_samples_split='0.025121760995725488'", "min_weight_fraction_leaf='0.13622471867709623'"], "origin": "Random Search"}
