{"cpu_time": 0.0, "wallclock_time": 3.600120544433594e-05, "evaluations": 0, "cost": 2147483648.0, "incumbent": {"max_depth": 7, "max_features": 0.011265210225126335, "min_impurity_decrease": 0.27483123893935457, "min_samples_leaf": 0.05442271472521289, "min_samples_split": 0.06900821287746466, "min_weight_fraction_leaf": 0.03616851013722821}, "budget": 0, "origin": "Initial design"}
{"cpu_time": 0.05134224891662598, "wallclock_time": 0.05288076400756836, "evaluations": 1, "cost": 1.011, "incumbent": {"max_depth": 7, "max_features": 0.011265210225126335, "min_impurity_decrease": 0.27483123893935457, "min_samples_leaf": 0.05442271472521289, "min_samples_split": 0.06900821287746466, "min_weight_fraction_leaf": 0.03616851013722821}, "budget": 0, "origin": "Initial design"}
{"cpu_time": 0.1030731201171875, "wallclock_time": 0.10636186599731445, "evaluations": 2, "cost": 1.0052, "incumbent": {"max_depth": 4, "max_features": 0.1721230112852961, "min_impurity_decrease": 0.14982733683726157, "min_samples_leaf": 0.028248176259675867, "min_samples_split": 0.17360272472826838, "min_weight_fraction_leaf": 0.0784068296218743}, "budget": 0, "origin": "Initial design"}
{"cpu_time": 0.15560245513916016, "wallclock_time": 0.18259644508361816, "evaluations": 3, "cost": 0.9815, "incumbent": {"max_depth": 3, "max_features": 0.15519793585483974, "min_impurity_decrease": 0.11300600030211794, "min_samples_leaf": 0.015162093706799586, "min_samples_split": 0.027520151502054023, "min_weight_fraction_leaf": 0.0390188994403273}, "budget": 0, "origin": null}
{"cpu_time": 0.31212592124938965, "wallclock_time": 0.91056227684021, "evaluations": 6, "cost": 0.9356, "incumbent": {"max_depth": 2, "max_features": 0.2979093390050815, "min_impurity_decrease": 0.08160155503876704, "min_samples_leaf": 0.10073084235827835, "min_samples_split": 0.01072922423339428, "min_weight_fraction_leaf": 0.019480909888528956}, "budget": 0, "origin": "Random Search (sorted)"}
{"cpu_time": 0.4267613887786865, "wallclock_time": 1.5357630252838135, "evaluations": 8, "cost": 0.9139, "incumbent": {"max_depth": 2, "max_features": 0.8808696007059559, "min_impurity_decrease": 0.03357369868643831, "min_samples_leaf": 0.12131991029662897, "min_samples_split": 0.01034731039224579, "min_weight_fraction_leaf": 0.15416966249707628}, "budget": 0, "origin": "Local Search"}
{"cpu_time": 0.5391829013824463, "wallclock_time": 2.338618516921997, "evaluations": 10, "cost": 0.8799, "incumbent": {"max_depth": 4, "max_features": 0.8959324280660809, "min_impurity_decrease": 0.013270189249524401, "min_samples_leaf": 0.13686477286752774, "min_samples_split": 0.010126589838388106, "min_weight_fraction_leaf": 0.022692983704707424}, "budget": 0, "origin": "Local Search"}
{"cpu_time": 1.499906063079834, "wallclock_time": 11.90105652809143, "evaluations": 27, "cost": 0.8663, "incumbent": {"max_depth": 6, "max_features": 0.8954636314196608, "min_impurity_decrease": 0.013270189249524401, "min_samples_leaf": 0.12880132995146856, "min_samples_split": 0.010052183833695832, "min_weight_fraction_leaf": 0.061612163589882515}, "budget": 0, "origin": "Local Search"}
