{"cpu_time": 0.0, "wallclock_time": 3.504753112792969e-05, "evaluations": 0, "cost": 2147483648.0, "incumbent": {"max_depth": 7, "max_features": 0.2738450598230169, "min_impurity_decrease": 5.718740867244332e-05, "min_samples_leaf": 0.032434060996912296, "min_samples_split": 0.019627781772875195, "min_weight_fraction_leaf": 0.014324198507350686}, "budget": 0, "origin": "Initial design"}
{"cpu_time": 0.05881810188293457, "wallclock_time": 0.06031656265258789, "evaluations": 1, "cost": 0.7927, "incumbent": {"max_depth": 7, "max_features": 0.2738450598230169, "min_impurity_decrease": 5.718740867244332e-05, "min_samples_leaf": 0.032434060996912296, "min_samples_split": 0.019627781772875195, "min_weight_fraction_leaf": 0.014324198507350686}, "budget": 0, "origin": "Initial design"}
{"cpu_time": 0.8203587532043457, "wallclock_time": 5.057064056396484, "evaluations": 15, "cost": 0.7805, "incumbent": {"max_depth": 11, "max_features": 0.3346626041199042, "min_impurity_decrease": 5.718740867244332e-05, "min_samples_leaf": 0.03008360829747628, "min_samples_split": 0.019682764488682548, "min_weight_fraction_leaf": 0.013192735051812702}, "budget": 0, "origin": "Local Search"}
{"cpu_time": 0.9446249008178711, "wallclock_time": 5.795235872268677, "evaluations": 17, "cost": 0.7556, "incumbent": {"max_depth": 11, "max_features": 0.5628068755684275, "min_impurity_decrease": 5.718740867244332e-05, "min_samples_leaf": 0.02296822280663751, "min_samples_split": 0.019682764488682548, "min_weight_fraction_leaf": 0.011920260817356481}, "budget": 0, "origin": "Local Search"}
{"cpu_time": 1.0705134868621826, "wallclock_time": 6.691221237182617, "evaluations": 19, "cost": 0.7409, "incumbent": {"max_depth": 7, "max_features": 0.5536754250529651, "min_impurity_decrease": 5.718740867244332e-05, "min_samples_leaf": 0.024112433927310925, "min_samples_split": 0.019682764488682548, "min_weight_fraction_leaf": 0.010115170137165072}, "budget": 0, "origin": "Local Search"}
