{"cpu_time": 0.0, "wallclock_time": 4.124641418457031e-05, "evaluations": 0, "cost": 2147483648.0, "incumbent": ["alpha='3.883695706453229'", "batch_size='237'", "hidden_layer_sizes='78'", "learning_rate_init='0.000868953200496221'", "momentum='0.002905446742026661'", "power_t='0.2022411350919729'"], "origin": "Initial design"}
{"cpu_time": 0.1628556251525879, "wallclock_time": 0.16466784477233887, "evaluations": 1, "cost": 1.2177, "incumbent": ["alpha='3.883695706453229'", "batch_size='237'", "hidden_layer_sizes='78'", "learning_rate_init='0.000868953200496221'", "momentum='0.002905446742026661'", "power_t='0.2022411350919729'"], "origin": "Initial design"}
{"cpu_time": 0.2353205680847168, "wallclock_time": 0.23899626731872559, "evaluations": 2, "cost": 1.1404, "incumbent": ["alpha='5.244489926659613e-05'", "batch_size='126'", "hidden_layer_sizes='155'", "learning_rate_init='0.0033958689528894794'", "momentum='0.11188740474257428'", "power_t='0.6036521056579498'"], "origin": "Initial design"}
{"cpu_time": 0.3383138179779053, "wallclock_time": 0.34522247314453125, "evaluations": 3, "cost": 1.065, "incumbent": ["alpha='0.024807944140628875'", "batch_size='63'", "hidden_layer_sizes='124'", "learning_rate_init='0.01174802017475964'", "momentum='0.003187109691163522'", "power_t='0.3555428098245127'"], "origin": null}
{"cpu_time": 0.9549238681793213, "wallclock_time": 2.5894384384155273, "evaluations": 8, "cost": 1.0131, "incumbent": ["alpha='8.023688276362709'", "batch_size='35'", "hidden_layer_sizes='157'", "learning_rate_init='0.021083444330016108'", "momentum='0.10968113538881549'", "power_t='0.6016134219005101'"], "origin": "Random Search (sorted)"}
{"cpu_time": 2.720393657684326, "wallclock_time": 9.815961837768555, "evaluations": 17, "cost": 1.0107, "incumbent": ["alpha='8.742198064029967'", "batch_size='35'", "hidden_layer_sizes='157'", "learning_rate_init='0.02543801403984764'", "momentum='0.251122580241376'", "power_t='0.8004410323936612'"], "origin": "Local Search"}
