{"cpu_time": 0.0, "wallclock_time": 3.933906555175781e-05, "evaluations": 0, "cost": 2147483648.0, "incumbent": ["C='796.323472177559'", "gamma='0.00035255936003789317'", "tol='0.07775663179233841'"], "origin": "Initial design"}
{"cpu_time": 0.020209789276123047, "wallclock_time": 0.021703004837036133, "evaluations": 1, "cost": 1.1035, "incumbent": ["C='796.323472177559'", "gamma='0.00035255936003789317'", "tol='0.07775663179233841'"], "origin": "Initial design"}
{"cpu_time": 0.039342403411865234, "wallclock_time": 0.04222750663757324, "evaluations": 2, "cost": 1.0941, "incumbent": ["C='139.45946057144923'", "gamma='0.000498573079003569'", "tol='7.317419987380096e-05'"], "origin": "Initial design"}
{"cpu_time": 0.06664514541625977, "wallclock_time": 0.07167887687683105, "evaluations": 3, "cost": 1.0014, "incumbent": ["C='388.1322293800887'", "gamma='0.0009624998647979021'", "tol='4.522399928843747e-05'"], "origin": null}
{"cpu_time": 0.15367937088012695, "wallclock_time": 0.790999174118042, "evaluations": 7, "cost": 0.8953, "incumbent": ["C='945.3473572996537'", "gamma='0.000826854488560043'", "tol='2.0803642163512904e-05'"], "origin": "Random Search (sorted)"}
{"cpu_time": 0.20432472229003906, "wallclock_time": 1.3190038204193115, "evaluations": 9, "cost": 0.804, "incumbent": ["C='929.8039185343392'", "gamma='0.0009800321988938136'", "tol='1.5348446350884912e-05'"], "origin": "Local Search"}
{"cpu_time": 0.2773258686065674, "wallclock_time": 1.7887272834777832, "evaluations": 11, "cost": 0.8021, "incumbent": ["C='923.0660910138832'", "gamma='0.0009867828987306982'", "tol='1.1954330032030224e-05'"], "origin": "Local Search"}
{"cpu_time": 0.35116100311279297, "wallclock_time": 2.274793863296509, "evaluations": 13, "cost": 0.7997, "incumbent": ["C='908.3489980651577'", "gamma='0.0009991218794281498'", "tol='1.2489581048455817e-05'"], "origin": "Local Search"}
{"cpu_time": 0.4206357002258301, "wallclock_time": 2.8763861656188965, "evaluations": 15, "cost": 0.7992, "incumbent": ["C='909.6128016817246'", "gamma='0.0009992190144750706'", "tol='1.175432595812677e-05'"], "origin": "Local Search"}
{"cpu_time": 0.4580504894256592, "wallclock_time": 2.916750431060791, "evaluations": 16, "cost": 0.799, "incumbent": ["C='910.1808194511651'", "gamma='0.0009991112535181524'", "tol='1.1344759426741026e-05'"], "origin": "Local Search"}
{"cpu_time": 0.533423900604248, "wallclock_time": 3.381514549255371, "evaluations": 18, "cost": 0.7978, "incumbent": ["C='920.9155794679517'", "gamma='0.0009953606993469237'", "tol='1.0564579390963698e-05'"], "origin": "Local Search"}
{"cpu_time": 0.606090784072876, "wallclock_time": 3.8920116424560547, "evaluations": 20, "cost": 0.7936, "incumbent": ["C='929.483056720434'", "gamma='0.0009981923242764748'", "tol='1.0715680412351741e-05'"], "origin": "Local Search"}
{"cpu_time": 0.6599271297454834, "wallclock_time": 4.542109727859497, "evaluations": 22, "cost": 0.7929, "incumbent": ["C='931.6169602535292'", "gamma='0.0009981923242764748'", "tol='1.0387856464364001e-05'"], "origin": "Local Search"}
{"cpu_time": 0.69624924659729, "wallclock_time": 4.581888675689697, "evaluations": 23, "cost": 0.7911, "incumbent": ["C='938.2619084090335'", "gamma='0.0009977859139477022'", "tol='1.0749887045962376e-05'"], "origin": "Local Search"}
{"cpu_time": 0.7346680164337158, "wallclock_time": 4.623390436172485, "evaluations": 24, "cost": 0.7905, "incumbent": ["C='939.5945957396252'", "gamma='0.0009980102541094827'", "tol='1.053773788255387e-05'"], "origin": "Local Search"}
{"cpu_time": 0.8081183433532715, "wallclock_time": 5.164649486541748, "evaluations": 26, "cost": 0.789, "incumbent": ["C='944.5472543268204'", "gamma='0.0009980519899220575'", "tol='1.0574243092270278e-05'"], "origin": "Local Search"}
{"cpu_time": 0.8452081680297852, "wallclock_time": 5.205303430557251, "evaluations": 27, "cost": 0.788, "incumbent": ["C='948.404340537927'", "gamma='0.0009977859139477022'", "tol='1.0546716541582986e-05'"], "origin": "Local Search"}
{"cpu_time": 0.8831911087036133, "wallclock_time": 5.2466514110565186, "evaluations": 28, "cost": 0.7787, "incumbent": ["C='977.2878294714051'", "gamma='0.0009980102541094827'", "tol='1.0308586569124478e-05'"], "origin": "Local Search"}
