{"cpu_time": 0.0, "wallclock_time": 3.6716461181640625e-05, "evaluations": 0, "cost": 2147483648.0, "incumbent": ["alpha='0.00010868559479168232'", "batch_size='215'", "hidden_layer_sizes='185'", "learning_rate_init='0.002729872765365064'", "momentum='0.0026566298800658164'", "power_t='0.37171794949938475'"], "origin": "Initial design"}
{"cpu_time": 0.11446905136108398, "wallclock_time": 0.11629128456115723, "evaluations": 1, "cost": 1.032, "incumbent": ["alpha='0.00010868559479168232'", "batch_size='215'", "hidden_layer_sizes='185'", "learning_rate_init='0.002729872765365064'", "momentum='0.0026566298800658164'", "power_t='0.37171794949938475'"], "origin": "Initial design"}
{"cpu_time": 0.8884038925170898, "wallclock_time": 1.5059566497802734, "evaluations": 5, "cost": 1.0316, "incumbent": ["alpha='0.0013344420624579044'", "batch_size='137'", "hidden_layer_sizes='185'", "learning_rate_init='0.0018033753856579666'", "momentum='0.0062873479913669525'", "power_t='0.45883005172250907'"], "origin": "Random Search (sorted)"}
{"cpu_time": 1.4777674674987793, "wallclock_time": 3.919281005859375, "evaluations": 10, "cost": 1.013, "incumbent": ["alpha='1.7235133885024175e-05'", "batch_size='37'", "hidden_layer_sizes='192'", "learning_rate_init='3.93081350670209e-05'", "momentum='0.0032289784328431844'", "power_t='0.47096254260951376'"], "origin": "Random Search (sorted)"}
{"cpu_time": 2.4741082191467285, "wallclock_time": 8.661784410476685, "evaluations": 16, "cost": 0.9691, "incumbent": ["alpha='1.2900781630219584e-05'", "batch_size='37'", "hidden_layer_sizes='169'", "learning_rate_init='4.364969359279633e-05'", "momentum='0.0032289784328431844'", "power_t='0.47096254260951376'"], "origin": "Local Search"}
{"cpu_time": 4.26553201675415, "wallclock_time": 19.494722843170166, "evaluations": 28, "cost": 0.9691, "incumbent": ["alpha='1.4372440452291688e-05'", "batch_size='48'", "hidden_layer_sizes='169'", "learning_rate_init='0.00011391440156567186'", "momentum='0.0017972427524078573'", "power_t='0.4705078438652535'"], "origin": "Local Search"}
{"cpu_time": 4.6103997230529785, "wallclock_time": 19.846158742904663, "evaluations": 29, "cost": 0.9587, "incumbent": ["alpha='1.4550782161581659e-05'", "batch_size='28'", "hidden_layer_sizes='169'", "learning_rate_init='0.01076376935394986'", "momentum='0.0017743001194596927'", "power_t='0.47070793280088963'"], "origin": "Local Search"}
