{"cpu_time": 0.0, "wallclock_time": 3.409385681152344e-05, "evaluations": 0, "cost": 2147483648.0, "incumbent": ["max_depth='7'", "max_features='0.011265210225126335'", "min_impurity_decrease='0.27483123893935457'", "min_samples_leaf='0.05442271472521289'", "min_samples_split='0.06900821287746466'", "min_weight_fraction_leaf='0.03616851013722821'"], "origin": "Initial design"}
{"cpu_time": 0.005384206771850586, "wallclock_time": 0.007018327713012695, "evaluations": 1, "cost": 1.0128, "incumbent": ["max_depth='7'", "max_features='0.011265210225126335'", "min_impurity_decrease='0.27483123893935457'", "min_samples_leaf='0.05442271472521289'", "min_samples_split='0.06900821287746466'", "min_weight_fraction_leaf='0.03616851013722821'"], "origin": "Initial design"}
{"cpu_time": 0.010895013809204102, "wallclock_time": 0.014011621475219727, "evaluations": 2, "cost": 0.9938, "incumbent": ["max_depth='4'", "max_features='0.1721230112852961'", "min_impurity_decrease='0.14982733683726157'", "min_samples_leaf='0.028248176259675867'", "min_samples_split='0.17360272472826838'", "min_weight_fraction_leaf='0.0784068296218743'"], "origin": "Initial design"}
{"cpu_time": 0.01652240753173828, "wallclock_time": 0.021778106689453125, "evaluations": 3, "cost": 0.8713, "incumbent": ["max_depth='3'", "max_features='0.15519793585483974'", "min_impurity_decrease='0.11300600030211794'", "min_samples_leaf='0.015162093706799586'", "min_samples_split='0.027520151502054023'", "min_weight_fraction_leaf='0.0390188994403273'"], "origin": null}
{"cpu_time": 0.03359341621398926, "wallclock_time": 0.49549388885498047, "evaluations": 6, "cost": 0.8713, "incumbent": ["max_depth='13'", "max_features='0.31713819181372055'", "min_impurity_decrease='0.07976773746113458'", "min_samples_leaf='0.016873214852088637'", "min_samples_split='0.010988197931737479'", "min_weight_fraction_leaf='0.04836702980894432'"], "origin": "Random Search (sorted)"}
{"cpu_time": 0.05288362503051758, "wallclock_time": 1.6827514171600342, "evaluations": 9, "cost": 0.8644, "incumbent": ["max_depth='13'", "max_features='0.38387537303495284'", "min_impurity_decrease='0.058156470020727866'", "min_samples_leaf='0.01570520363779039'", "min_samples_split='0.01000204761063505'", "min_weight_fraction_leaf='0.0537476482658109'"], "origin": "Local Search"}
{"cpu_time": 0.05927610397338867, "wallclock_time": 1.692047357559204, "evaluations": 10, "cost": 0.8518, "incumbent": ["max_depth='12'", "max_features='0.39128460161382655'", "min_impurity_decrease='0.06985481352406296'", "min_samples_leaf='0.01457474224376237'", "min_samples_split='0.011795779465533267'", "min_weight_fraction_leaf='0.05372209388059323'"], "origin": "Local Search"}
{"cpu_time": 0.09234237670898438, "wallclock_time": 3.1429734230041504, "evaluations": 15, "cost": 0.8275, "incumbent": ["max_depth='14'", "max_features='0.45612692982370656'", "min_impurity_decrease='0.03223435041434207'", "min_samples_leaf='0.014559665722052306'", "min_samples_split='0.010316002264456024'", "min_weight_fraction_leaf='0.04566220158875809'"], "origin": "Local Search"}
{"cpu_time": 0.12726116180419922, "wallclock_time": 6.003633260726929, "evaluations": 20, "cost": 0.7913, "incumbent": ["max_depth='14'", "max_features='0.456274064061481'", "min_impurity_decrease='0.009607279737284315'", "min_samples_leaf='0.01515390695100027'", "min_samples_split='0.01051679036355596'", "min_weight_fraction_leaf='0.06141987084536452'"], "origin": "Local Search"}
{"cpu_time": 0.18768310546875, "wallclock_time": 9.45601773262024, "evaluations": 29, "cost": 0.7812, "incumbent": ["max_depth='7'", "max_features='0.4458305592403424'", "min_impurity_decrease='0.014615549927612721'", "min_samples_leaf='0.01587401513512688'", "min_samples_split='0.010453400105354586'", "min_weight_fraction_leaf='0.05993260417049168'"], "origin": "Local Search"}
