{"cpu_time": 0.0, "wallclock_time": 3.695487976074219e-05, "evaluations": 0, "cost": 2147483648.0, "incumbent": ["alpha='3.9386206724436224'", "batch_size='41'", "hidden_layer_sizes='200'", "learning_rate_init='0.09912017526620899'", "momentum='0.015472833880662699'", "power_t='0.16799104738110393'"], "origin": "Initial design"}
{"cpu_time": 0.17726469039916992, "wallclock_time": 0.17888092994689941, "evaluations": 1, "cost": 0.9261, "incumbent": ["alpha='3.9386206724436224'", "batch_size='41'", "hidden_layer_sizes='200'", "learning_rate_init='0.09912017526620899'", "momentum='0.015472833880662699'", "power_t='0.16799104738110393'"], "origin": "Initial design"}
{"cpu_time": 1.6131150722503662, "wallclock_time": 3.8972103595733643, "evaluations": 9, "cost": 0.9194, "incumbent": ["alpha='5.838285156966826'", "batch_size='38'", "hidden_layer_sizes='200'", "learning_rate_init='0.099120175266209'", "momentum='0.005889663818291284'", "power_t='0.16759968953491'"], "origin": "Local Search"}
{"cpu_time": 3.6431355476379395, "wallclock_time": 10.374177694320679, "evaluations": 16, "cost": 0.9143, "incumbent": ["alpha='6.578571192637452'", "batch_size='54'", "hidden_layer_sizes='200'", "learning_rate_init='0.099120175266209'", "momentum='0.005578912601122029'", "power_t='0.1645500377358014'"], "origin": "Local Search"}
{"cpu_time": 3.9019320011138916, "wallclock_time": 10.638608455657959, "evaluations": 17, "cost": 0.9061, "incumbent": ["alpha='9.52916196660426'", "batch_size='56'", "hidden_layer_sizes='200'", "learning_rate_init='0.08058244545298723'", "momentum='0.00504651047278536'", "power_t='0.17234845138877497'"], "origin": "Local Search"}
