{"cpu_time": 0.0, "wallclock_time": 3.981590270996094e-05, "evaluations": 0, "cost": 2147483648.0, "incumbent": ["C='17.826497151386942'", "gamma='0.000525199729142797'", "tol='1.0010539860510485e-05'"], "origin": "Initial design"}
{"cpu_time": 0.01600337028503418, "wallclock_time": 0.01751852035522461, "evaluations": 1, "cost": 1.0359, "incumbent": ["C='17.826497151386942'", "gamma='0.000525199729142797'", "tol='1.0010539860510485e-05'"], "origin": "Initial design"}
{"cpu_time": 0.03180050849914551, "wallclock_time": 0.03472566604614258, "evaluations": 2, "cost": 1.0133, "incumbent": ["C='8.072307884499754'", "gamma='0.0001402025429555412'", "tol='2.340746480576752e-05'"], "origin": "Initial design"}
{"cpu_time": 0.06352043151855469, "wallclock_time": 0.06982183456420898, "evaluations": 4, "cost": 1.0125, "incumbent": ["C='3.620600725744739'", "gamma='0.0002215953929680393'", "tol='0.00038642916535526494'"], "origin": "Initial design"}
{"cpu_time": 0.1787872314453125, "wallclock_time": 1.6784718036651611, "evaluations": 11, "cost": 1.0125, "incumbent": ["C='3.6524090438822387'", "gamma='0.00022290084048094387'", "tol='2.9973776467607837e-05'"], "origin": "Local Search"}
{"cpu_time": 0.22684764862060547, "wallclock_time": 2.5152690410614014, "evaluations": 14, "cost": 1.0125, "incumbent": ["C='3.790506953167348'", "gamma='0.0002226702883176398'", "tol='0.00014887760096356331'"], "origin": "Local Search"}
{"cpu_time": 0.242600679397583, "wallclock_time": 2.5338528156280518, "evaluations": 15, "cost": 1.0125, "incumbent": ["C='3.7582630425152446'", "gamma='0.000222731620556725'", "tol='2.9300888213124782e-05'"], "origin": "Local Search"}
{"cpu_time": 0.4289538860321045, "wallclock_time": 6.517200946807861, "evaluations": 26, "cost": 1.0125, "incumbent": ["C='3.7582630425152446'", "gamma='0.00022318599650591157'", "tol='2.5863786815763547e-05'"], "origin": "Local Search"}
{"cpu_time": 0.44484686851501465, "wallclock_time": 6.536800146102905, "evaluations": 27, "cost": 1.0125, "incumbent": ["C='3.7582630425152446'", "gamma='0.00022300601152786334'", "tol='2.6090174785808944e-05'"], "origin": "Local Search"}
{"cpu_time": 0.492542028427124, "wallclock_time": 7.518466949462891, "evaluations": 30, "cost": 1.0125, "incumbent": ["C='3.7582630425152446'", "gamma='0.0002238956180502456'", "tol='2.6681224198696e-05'"], "origin": "Local Search"}
