{"cpu_time": 0.0, "wallclock_time": 3.4809112548828125e-05, "evaluations": 0, "cost": 2147483648.0, "incumbent": {"alpha": 3.883695706453229, "batch_size": 237, "hidden_layer_sizes": 78, "learning_rate_init": 0.000868953200496221, "momentum": 0.002905446742026661, "power_t": 0.2022411350919729}, "budget": 0, "origin": "Initial design"}
{"cpu_time": 0.10379266738891602, "wallclock_time": 0.10536026954650879, "evaluations": 1, "cost": 1.2276, "incumbent": {"alpha": 3.883695706453229, "batch_size": 237, "hidden_layer_sizes": 78, "learning_rate_init": 0.000868953200496221, "momentum": 0.002905446742026661, "power_t": 0.2022411350919729}, "budget": 0, "origin": "Initial design"}
{"cpu_time": 0.1896378993988037, "wallclock_time": 0.19309163093566895, "evaluations": 2, "cost": 1.1086, "incumbent": {"alpha": 5.244489926659613e-05, "batch_size": 126, "hidden_layer_sizes": 155, "learning_rate_init": 0.0033958689528894794, "momentum": 0.11188740474257428, "power_t": 0.6036521056579498}, "budget": 0, "origin": "Initial design"}
{"cpu_time": 0.5029382705688477, "wallclock_time": 0.5110516548156738, "evaluations": 4, "cost": 1.0595, "incumbent": {"alpha": 0.033172779961338134, "batch_size": 183, "hidden_layer_sizes": 125, "learning_rate_init": 0.0001081414891665223, "momentum": 0.016662743799897742, "power_t": 0.3320582261795402}, "budget": 0, "origin": "Initial design"}
{"cpu_time": 1.3028523921966553, "wallclock_time": 3.5188851356506348, "evaluations": 10, "cost": 1.0233, "incumbent": {"alpha": 0.004038427805470976, "batch_size": 177, "hidden_layer_sizes": 148, "learning_rate_init": 0.0065382897914424256, "momentum": 0.13602197081087664, "power_t": 0.3357673441908909}, "budget": 0, "origin": "Random Search (sorted)"}
{"cpu_time": 1.9973554611206055, "wallclock_time": 6.244541883468628, "evaluations": 15, "cost": 1.0232, "incumbent": {"alpha": 0.0005710923293124912, "batch_size": 180, "hidden_layer_sizes": 148, "learning_rate_init": 0.0026886575487135916, "momentum": 0.015541632667533261, "power_t": 0.33672260810971183}, "budget": 0, "origin": "Random Search (sorted)"}
{"cpu_time": 2.2560112476348877, "wallclock_time": 7.274940490722656, "evaluations": 17, "cost": 1.0232, "incumbent": {"alpha": 0.0005710923293124912, "batch_size": 177, "hidden_layer_sizes": 148, "learning_rate_init": 0.0024130225883628223, "momentum": 0.01480174464062674, "power_t": 0.3634409340389008}, "budget": 0, "origin": "Local Search"}
{"cpu_time": 2.827868938446045, "wallclock_time": 9.972656488418579, "evaluations": 22, "cost": 1.0229, "incumbent": {"alpha": 0.0008692429584449214, "batch_size": 103, "hidden_layer_sizes": 148, "learning_rate_init": 0.0023868574590469815, "momentum": 0.01480174464062674, "power_t": 0.3640388159680844}, "budget": 0, "origin": "Local Search"}
