{"cpu_time": 0.0, "wallclock_time": 3.886222839355469e-05, "evaluations": 0, "cost": 2147483648.0, "incumbent": {"alpha": 3.9386206724436224, "batch_size": 41, "hidden_layer_sizes": 200, "learning_rate_init": 0.09912017526620899, "momentum": 0.015472833880662699, "power_t": 0.16799104738110393}, "budget": 0, "origin": "Initial design"}
{"cpu_time": 0.12918472290039062, "wallclock_time": 0.13073945045471191, "evaluations": 1, "cost": 1.0665, "incumbent": {"alpha": 3.9386206724436224, "batch_size": 41, "hidden_layer_sizes": 200, "learning_rate_init": 0.09912017526620899, "momentum": 0.015472833880662699, "power_t": 0.16799104738110393}, "budget": 0, "origin": "Initial design"}
{"cpu_time": 1.5125045776367188, "wallclock_time": 5.1385698318481445, "evaluations": 12, "cost": 1.0256, "incumbent": {"alpha": 4.274980547406601, "batch_size": 38, "hidden_layer_sizes": 198, "learning_rate_init": 0.0991998677019553, "momentum": 0.010772261203464825, "power_t": 0.19510212891801448}, "budget": 0, "origin": "Local Search"}
{"cpu_time": 3.0505592823028564, "wallclock_time": 13.892021417617798, "evaluations": 24, "cost": 1.0251, "incumbent": {"alpha": 4.248988255837495, "batch_size": 26, "hidden_layer_sizes": 198, "learning_rate_init": 0.0991998677019553, "momentum": 0.011036250326190683, "power_t": 0.1949996162282529}, "budget": 0, "origin": "Local Search"}
{"cpu_time": 3.6757752895355225, "wallclock_time": 15.999703168869019, "evaluations": 27, "cost": 1.0225, "incumbent": {"alpha": 4.6227829932052025, "batch_size": 20, "hidden_layer_sizes": 198, "learning_rate_init": 0.0991998677019553, "momentum": 0.04300299168204533, "power_t": 0.19482529302025597}, "budget": 0, "origin": "Local Search"}
