{"cpu_time": 0.0, "wallclock_time": 3.981590270996094e-05, "evaluations": 0, "cost": 2147483648.0, "incumbent": {"C": 796.323472177559, "gamma": 0.00035255936003789317, "tol": 0.07775663179233841}, "budget": 0, "origin": "Initial design"}
{"cpu_time": 0.02073526382446289, "wallclock_time": 0.022258758544921875, "evaluations": 1, "cost": 0.9384, "incumbent": {"C": 796.323472177559, "gamma": 0.00035255936003789317, "tol": 0.07775663179233841}, "budget": 0, "origin": "Initial design"}
{"cpu_time": 0.07737350463867188, "wallclock_time": 0.08395934104919434, "evaluations": 4, "cost": 0.9206, "incumbent": {"C": 20.15461920821694, "gamma": 0.0006017040321365156, "tol": 6.176469460575708e-05}, "budget": 0, "origin": "Initial design"}
{"cpu_time": 0.10397815704345703, "wallclock_time": 0.11229109764099121, "evaluations": 5, "cost": 0.847, "incumbent": {"C": 388.1322293800887, "gamma": 0.0009624998647979021, "tol": 4.522399928843747e-05}, "budget": 0, "origin": null}
{"cpu_time": 0.1928389072418213, "wallclock_time": 1.773127794265747, "evaluations": 9, "cost": 0.7581, "incumbent": {"C": 716.7613293439734, "gamma": 0.000962499864797902, "tol": 2.2812959213587338e-05}, "budget": 0, "origin": "Local Search"}
{"cpu_time": 0.23004651069641113, "wallclock_time": 1.8130245208740234, "evaluations": 10, "cost": 0.7363, "incumbent": {"C": 807.0760073732627, "gamma": 0.0009603669505818993, "tol": 2.721613723921954e-05}, "budget": 0, "origin": "Local Search"}
{"cpu_time": 0.3490786552429199, "wallclock_time": 2.36150860786438, "evaluations": 15, "cost": 0.7221, "incumbent": {"C": 874.0927061327067, "gamma": 0.0009603669505818993, "tol": 1.622560973872182e-05}, "budget": 0, "origin": "Local Search"}
{"cpu_time": 0.46247005462646484, "wallclock_time": 3.3982551097869873, "evaluations": 19, "cost": 0.6931, "incumbent": {"C": 956.3791451124589, "gamma": 0.0009894328098673136, "tol": 1.377914342570749e-05}, "budget": 0, "origin": "Random Search (sorted)"}
{"cpu_time": 0.5644307136535645, "wallclock_time": 4.465011358261108, "evaluations": 22, "cost": 0.6902, "incumbent": {"C": 956.3791451124589, "gamma": 0.0009966172871500704, "tol": 1.551681204726977e-05}, "budget": 0, "origin": "Local Search"}
{"cpu_time": 0.6149196624755859, "wallclock_time": 4.519506931304932, "evaluations": 23, "cost": 0.6892, "incumbent": {"C": 969.5666776345182, "gamma": 0.000991884871951051, "tol": 1.029630966564955e-05}, "budget": 0, "origin": "Local Search"}
{"cpu_time": 0.6783299446105957, "wallclock_time": 5.259448766708374, "evaluations": 25, "cost": 0.6871, "incumbent": {"C": 976.5837724653725, "gamma": 0.0009935121760847666, "tol": 1.5260093462353907e-05}, "budget": 0, "origin": "Local Search"}
{"cpu_time": 0.756575345993042, "wallclock_time": 5.860135555267334, "evaluations": 27, "cost": 0.6835, "incumbent": {"C": 997.5316152875932, "gamma": 0.000989869503900469, "tol": 0.01027776011342677}, "budget": 0, "origin": "Local Search"}
{"cpu_time": 0.7923741340637207, "wallclock_time": 5.900246858596802, "evaluations": 28, "cost": 0.6823, "incumbent": {"C": 998.0944798288145, "gamma": 0.0009920839728655196, "tol": 0.005779657030434304}, "budget": 0, "origin": "Local Search"}
